hour,season,S,T,ub,u,d50,sigma2
2018-07-18 12:00:00,Summer,29.697200000000002,22.065265,0.03931997335521596,0.23926712205589631,39.33537738863836,2717.466223344587
2018-07-18 13:00:00,Summer,29.173606666666668,22.190191666666667,0.055368221694589784,0.28371801263355734,78.13463862096218,3525.835820101823
2018-07-18 14:00:00,Summer,29.065368333333332,22.17214166666667,0.05378470536946598,0.281654886662808,74.08535135733162,3429.0343401892796
2018-07-18 15:00:00,Summer,29.073336666666666,22.260851666666667,0.06709938333638471,0.2131246694535896,48.44300489014316,2197.7841390799786
2018-07-18 16:00:00,Summer,29.082710000000002,22.49640833333333,0.09034322913295745,0.14876127434492037,51.13078095799351,2294.124691063175
2018-07-18 17:00:00,Summer,29.084858333333333,22.50634,0.10846999989267281,0.08704366424399133,50.716881789968134,2287.7034584469584
2018-07-18 18:00:00,Summer,29.09411833333333,22.526186666666668,0.11210793824504786,0.13965475680784784,51.06824604951154,2361.4617859536324
2018-07-18 19:00:00,Summer,29.091701666666665,22.466959999999997,0.10698564230453048,0.2430283414847929,51.88340656390209,2350.9092477878803
2018-07-18 20:00:00,Summer,29.09799333333333,22.185763333333334,0.09857651388620495,0.27431014371419926,50.686097580812294,2320.560414450594
2018-07-18 21:00:00,Summer,29.015013333333332,21.823781666666665,0.07764594881380502,0.23449099907077553,54.037552783538736,2645.5487318291675
2018-07-18 22:00:00,Summer,29.057948333333332,21.87207,0.052108945318134994,0.17622749902734774,71.8944240454625,3525.070419162045
2018-07-18 23:00:00,Summer,29.072525,21.924035,0.05378824295364911,0.14499902223649802,68.59569083640405,3536.793118003114
2018-07-19 00:00:00,Summer,29.164693333333332,22.024839999999998,0.04840339783544075,0.1844095999486581,65.93021966590149,3432.0984871692676
2018-07-19 01:00:00,Summer,29.240968333333335,21.937698333333334,0.038249559489554885,0.2466764331126671,59.15873816633746,3404.733662257493
2018-07-19 02:00:00,Summer,29.082006666666665,21.633103333333334,0.03195008836575304,0.2726742155161363,58.17570860139481,3330.9623619585595
2018-07-19 03:00:00,Summer,29.089901666666666,21.834595,0.027100973803686923,0.2253203337725161,56.30161830860752,3051.0433366032244
2018-07-19 04:00:00,Summer,29.096645000000002,21.887316666666667,0.014285634440612307,0.135120205789149,64.6080810593145,3313.0499798961387
2018-07-19 05:00:00,Summer,29.102185000000002,21.875625,0.007324168068857962,0.0858192739061564,58.020315328507415,3078.4901768387112
2018-07-19 06:00:00,Summer,29.10092,21.80040166666667,0.008098594399028654,0.16434846376772602,59.172449895929496,2947.2582057815803
2018-07-19 07:00:00,Summer,29.105695,21.557636666666667,0.014930129828302352,0.2539263052202579,55.863690787187586,2791.848600056168
2018-07-19 08:00:00,Summer,29.07101833333333,21.48789833333333,0.014452648184880151,0.2538607394717344,62.001585099909256,3099.4004263013326
2018-07-19 09:00:00,Summer,29.029100000000003,21.577926666666666,0.01941871069342139,0.22398953184137782,68.02356040255366,3516.5906951372767
2018-07-19 10:00:00,Summer,29.071955,21.610906666666665,0.01597933005433791,0.16727142618723537,69.69884992087597,3973.452324257405
2018-07-19 11:00:00,Summer,29.321173333333334,21.74253333333333,0.01763000333420169,0.15365178469140192,76.50700306158943,4592.3675059331845
2018-07-19 12:00:00,Summer,29.63617,21.986593333333335,0.04350863919662333,0.20730567385151627,74.80987992515074,4449.290180896131
2018-07-19 13:00:00,Summer,29.299505,22.298170000000002,0.04866391890991663,0.25991678141783625,107.6240524254064,4643.328799379611
2018-07-19 14:00:00,Summer,29.098258333333334,22.361125,0.08514620772217116,0.2898988155077486,135.31882349783544,4315.40722884217
2018-07-19 15:00:00,Summer,29.106616666666664,22.441648333333333,0.08019542858633752,0.25577829857112694,126.87190997340285,4142.7141070137495
2018-07-19 16:00:00,Summer,29.10767,22.755011666666668,0.0987308603711468,0.1941129457499427,118.22126835253161,3835.094332408146
2018-07-19 17:00:00,Summer,29.113836666666668,22.914649999999998,0.10406612687497399,0.13308399273181146,113.28526185548141,3795.4512941073804
2018-07-19 18:00:00,Summer,29.116331666666667,22.919481666666666,0.10912878192540638,0.08790884394274337,102.80228614778086,3631.285286679442
2018-07-19 19:00:00,Summer,29.11890833333333,22.869446666666665,0.11618693941118981,0.13231977567409087,108.57335901807963,3632.8223859425293
2018-07-19 20:00:00,Summer,29.146471666666667,22.638963333333333,0.10061856294105262,0.21574362640222958,113.36982553574623,3687.488074149365
2018-07-19 21:00:00,Summer,29.14039,22.332785,0.08260860578389324,0.23491991869107962,97.10262341243077,3613.1136352877966
2018-07-19 22:00:00,Summer,29.140795,22.12163,0.06920555171586831,0.21407155358777114,110.35108181835041,3900.331481403532
2018-07-19 23:00:00,Summer,29.13312833333333,22.270306666666666,0.058480375975949864,0.1685270830712968,107.15346434905342,4059.017804162684
2018-07-20 00:00:00,Summer,29.162058333333334,22.300435,0.04343548494755233,0.14974809531002795,97.46052058674631,4095.6233728576135
2018-07-20 01:00:00,Summer,29.494451666666667,22.327616666666664,0.04207186812787182,0.17502017560996558,77.4066535486864,3976.2021826634623
2018-07-20 02:00:00,Summer,29.79156833333333,22.134153333333334,0.0422394112999864,0.2271353838173734,73.71017593369018,3836.163989959148
2018-07-20 03:00:00,Summer,29.659885,22.12365833333333,0.044750890106181905,0.2540286966867545,71.36042533000294,3513.097158508026
2018-07-20 04:00:00,Summer,29.582980000000003,22.045408333333334,0.046187274852048446,0.23184061665175487,66.49420066985984,3297.6256692702004
2018-07-20 05:00:00,Summer,29.576375,21.941845,0.03239671998745936,0.1532796370339005,64.56649324888632,3184.791868981341
2018-07-20 06:00:00,Summer,29.565725,22.02308833333333,0.01955835055249303,0.0951025272178174,66.30353934678057,3106.1774021070974
2018-07-20 07:00:00,Summer,29.44162833333333,21.959423333333334,0.013413537399300263,0.12081122256839268,70.22125901379519,3335.950776750048
2018-07-20 08:00:00,Summer,29.154381666666666,21.756901666666668,0.016648304378710586,0.21488492081671687,105.03492681002379,4151.51963444335
2018-07-20 09:00:00,Summer,29.145373333333335,21.699166666666667,0.014617914152402942,0.2383958279483148,118.31488203086116,4258.669297673901
2018-07-20 10:00:00,Summer,29.155395,21.897188333333336,0.013370369448522249,0.19679565636498136,119.70716717871551,4539.240630308255
2018-07-20 11:00:00,Summer,29.15678666666667,22.041256666666666,0.031048400932761983,0.14856930965712714,119.98595630845105,4762.486976129807
2018-07-20 12:00:00,Summer,29.310466666666667,22.127006666666666,0.0487404808954475,0.14292105948058587,115.12638789459636,4856.1352937365355
2018-07-20 13:00:00,Summer,29.58843166666667,22.372735,0.07238322103249531,0.21541467053614766,97.45749634712635,4673.843668835772
2018-07-20 14:00:00,Summer,29.522941666666668,22.668375,0.08305253183230185,0.2747562754230159,86.62920849262754,4066.277897832368
2018-07-20 15:00:00,Summer,29.310871666666667,22.684363333333334,0.10386971748471838,0.281541081354454,94.09495338288761,3844.363664903701
2018-07-20 16:00:00,Summer,29.3451,22.76071166666667,0.0893162987839562,0.24382094633865878,76.121797339414,2970.8491122483874
2018-07-20 17:00:00,Summer,29.404621666666667,23.091701666666665,0.10090173583341051,0.17985759387330819,52.82186723815243,2496.658700278899
2018-07-20 22:00:00,Summer,29.181725000000004,22.53747666666667,0.07492026477260297,0.2284593545790746,54.6159973659848,2668.619303277265
2018-07-20 23:00:00,Summer,29.254486666666665,22.56199666666667,0.0684428144062445,0.20093233657423776,65.3861374229284,3206.245669652585
2018-07-21 00:00:00,Summer,29.523081666666666,22.620866666666664,0.07024805414640507,0.16759243770372576,91.2236562072804,3829.8843614891475
2018-07-21 01:00:00,Summer,29.695618333333336,22.615865,0.04588298179314732,0.15338030400273156,98.78557038748792,4083.9293980394887
2018-07-21 02:00:00,Summer,29.833453333333335,22.56692,0.062410172584639025,0.16426118092228922,71.10781108024959,3774.194372604608
2018-07-21 03:00:00,Summer,30.063538333333334,22.527316666666664,0.05992623859644621,0.1925493552802952,80.20388659976356,3860.59590302073
2018-07-21 04:00:00,Summer,29.913006666666668,22.40688833333333,0.04943041172951304,0.23839744443306027,105.15340407044053,3961.1843034942754
2018-07-21 05:00:00,Summer,29.768436666666666,22.263975000000002,0.030936324235886548,0.22413580968677307,101.12456000723269,3855.8897457130724
2018-07-21 06:00:00,Summer,29.709226666666666,22.20041666666667,0.020765595605306296,0.16616753850100266,81.08350673369259,3877.4810732705864
2018-07-21 07:00:00,Summer,29.690438333333336,22.254178333333336,0.011230214943294915,0.11073107300003933,100.06812459488027,4123.645521161797
2018-07-21 08:00:00,Summer,29.58222333333333,22.255978333333335,0.007523767342201754,0.10303493177864123,112.17740846837675,4197.856207281918
2018-07-21 09:00:00,Summer,29.35467,22.121801666666666,0.006312828370275717,0.1893117214896109,80.87251236521614,3704.3940675918357
2018-07-21 10:00:00,Summer,29.181448333333332,22.060965,0.011684620044550962,0.2278516451843688,78.93419156435887,3784.085328283481
2018-07-21 11:00:00,Summer,29.27616,22.353495000000002,0.034227792848145075,0.19518673107734946,86.83789592549871,4158.261972409183
2018-07-21 12:00:00,Summer,29.41723,22.52411,0.06950372337867645,0.15333318957263536,107.15253333784953,4395.334937789428
2018-07-21 13:00:00,Summer,29.580395,22.774016666666668,0.09179562362642664,0.18165073102814192,130.259748771866,4318.983498344354
2018-07-21 14:00:00,Summer,29.70862,22.976631666666666,0.08813810427363869,0.21852009856281404,151.5749518893925,4223.481133929228
2018-07-21 15:00:00,Summer,29.70646833333333,23.062655,0.11383358869938806,0.29600613632763817,92.06448861658922,3738.218806221068
2018-07-21 16:00:00,Summer,29.654198333333333,23.07359166666667,0.1461446283644801,0.3101762288525204,72.75993205082776,3318.335376618049
2018-07-21 17:00:00,Summer,29.596808333333335,23.15198333333333,0.16799753756959773,0.2720828298235978,90.34571034710355,3271.557555743023
2018-07-21 18:00:00,Summer,29.470163333333335,23.259128333333333,0.1649185494741098,0.1996256303068184,122.06183384165524,3340.3538032434044
2018-07-21 19:00:00,Summer,29.446171666666665,23.109984999999998,0.14437407448056755,0.12987081651860116,138.92438711754775,3145.6570912184043
2018-07-21 20:00:00,Summer,29.462998333333335,23.035533333333333,0.11525580165477653,0.08803032007190345,142.40766152851634,3198.990308088759
2018-07-21 21:00:00,Summer,29.511288333333333,23.070510000000002,0.09955685429967089,0.13226002762155065,149.95768334817407,3530.636339034264
2018-07-21 22:00:00,Summer,29.600858333333335,23.069243333333336,0.0902518268843588,0.21772752602366957,153.64677508803044,3543.268819585893
2018-07-21 23:00:00,Summer,29.646421666666665,22.822158333333334,0.08001062454627458,0.246217842206144,136.32168321844932,3659.5448484060207
2018-07-22 00:00:00,Summer,29.62728333333333,22.782441666666667,0.05248853917680716,0.22022128776910055,134.86887942136948,3934.068444496104
2018-07-22 01:00:00,Summer,29.60278,22.720630000000003,0.04187250888722191,0.1857857695430082,110.1573192564589,4104.541157271077
2018-07-22 02:00:00,Summer,29.618275,22.764078333333334,0.039821534953495795,0.15575167593837524,111.97908056027144,4104.913228931702
2018-07-22 03:00:00,Summer,29.758126666666666,22.77278,0.0541037030262112,0.16035157598630068,66.6018944447302,3584.1844084128775
2018-07-22 04:00:00,Summer,29.69366,22.835385,0.055906447449464394,0.19440548327001397,70.7502368399037,3663.575629471548
2018-07-22 05:00:00,Summer,29.647936666666666,22.610831666666666,0.04132284249605467,0.23640775755257729,86.49589736565851,3748.052503397828
2018-07-22 06:00:00,Summer,29.490576666666666,22.451275000000003,0.038619746621530976,0.23360561163395754,100.80648019739579,3743.5582588700395
2018-07-22 07:00:00,Summer,29.417363333333334,22.614463333333333,0.03402770157089978,0.18270399859545844,101.6921528796725,3733.1497903065724
2018-07-22 08:00:00,Summer,29.413188333333334,22.607923333333336,0.026668342618426606,0.12464063845601395,113.55065108413322,3964.264799881314
2018-07-22 09:00:00,Summer,29.43179,22.564078333333335,0.028144617682981498,0.08606975389844707,131.28924307200256,4314.524744836733
2018-07-22 10:00:00,Summer,29.51817833333333,22.593056666666666,0.03147339926740077,0.13691054402372496,148.36731394289853,4084.6791115344085
2018-07-22 11:00:00,Summer,29.515058333333332,22.472065,0.04396002771192397,0.21680700682898507,154.05907820282908,3939.27605046713
2018-07-22 12:00:00,Summer,29.481626666666667,22.686556666666668,0.061846972817315306,0.2044655046241648,134.9121363364533,4235.767260459039
2018-07-22 13:00:00,Summer,29.610321666666668,22.870079999999998,0.06912364258620014,0.15738395789505485,115.61201620123397,4439.386087872642
2018-07-22 14:00:00,Summer,29.51184,23.046746666666664,0.09085337136349683,0.1349448241745282,89.38251922450895,4378.072763433059
2018-07-22 15:00:00,Summer,29.477901666666664,23.17903,0.12148297325182107,0.24159238073973244,87.58659599991412,3983.4146063017984
2018-07-22 16:00:00,Summer,29.461795,23.24764,0.11922004024201409,0.30780038392773335,74.64957347765124,3679.370249482138
2018-07-22 17:00:00,Summer,29.466545,23.246165,0.15339574636627923,0.3019183656043228,63.76096785764512,3214.634479819791
2018-07-26 03:00:00,Summer,29.453466666666667,21.648413333333334,0.08347922059727782,0.20471672848750977,45.51191419627117,1828.2739486160933
2018-07-26 04:00:00,Summer,29.46749,21.817568333333334,0.08319512899467577,0.18951777605390555,48.12121704886286,2223.8220638762004
2018-07-26 05:00:00,Summer,29.561865,21.805936666666664,0.08374468794399578,0.21674729190801312,56.30017437613743,2658.7538608935633
2018-07-26 06:00:00,Summer,29.759538333333335,21.40441666666667,0.0023444436177685966,0.19644357079777036,43.678434735371326,2063.051006755149
2018-07-26 07:00:00,Summer,29.805121666666665,21.276885,0.0004294525729965533,0.18822809416330982,27.34331095408678,1254.3518624745725
2018-07-26 08:00:00,Summer,29.685533333333336,21.188158333333334,0.03780479106540968,0.2227808659537615,33.60889889648249,1868.1585482049197
2018-07-26 09:00:00,Summer,29.545673333333333,21.20213,0.05786607802836687,0.24901219370236563,52.36675886089287,2238.5297820714104
2018-07-26 10:00:00,Summer,29.607831666666666,21.369685,0.06812555321904296,0.22233509652214348,46.168369408320466,1616.4969112823621
2018-07-27 04:00:00,Summer,29.655089999999998,21.382861666666667,0.040281168517611515,0.23297451541828215,51.287330276300004,2208.3114794269272
2018-07-27 05:00:00,Summer,29.647364999999997,21.68226333333333,0.05400076781112153,0.19897736511889613,46.36119211341058,2068.7798676815637
2018-07-27 06:00:00,Summer,29.8796,21.105071666666667,0.03129791774190964,0.20122892737857684,114.78379275024248,3791.5269787088546
2018-07-27 07:00:00,Summer,30.186114999999997,20.966416666666664,0.000333852682323126,0.18047698676395177,35.688060662905144,1816.6625392951298
2018-07-27 08:00:00,Summer,30.149501666666666,20.94065,0.008289140351466997,0.20177967449659145,69.13881790543586,3363.0129396013294
2018-07-27 09:00:00,Summer,29.860791666666668,21.029518333333332,0.0465441950955902,0.23870981043364609,112.32027061748059,3747.7247805175207
2018-07-27 10:00:00,Summer,29.702141666666666,21.101895,0.06224908505857165,0.25206983902467395,84.75077096420358,4021.722956086615
2018-07-27 18:00:00,Summer,29.665566666666667,22.363819999999997,0.11763978055039778,0.16963224790501147,35.73462316063036,1751.521855754299
2018-07-27 19:00:00,Summer,29.666245,22.120001666666667,0.11691055139500581,0.2515371299573775,43.37297074442606,2220.7490092498797
2018-07-27 20:00:00,Summer,29.696723333333335,21.42825333333333,0.13127390570273173,0.3420127710547521,37.93876128620002,1784.2992315158672
2018-07-28 04:00:00,Summer,29.690653333333334,21.105623333333334,0.030407737861630098,0.2587774691320742,51.96426763371898,2268.316860326877
2018-07-28 05:00:00,Summer,29.76265,21.351223333333333,0.05179775499315176,0.20553037327437806,53.03173030975268,2407.4782211020065
2018-07-28 06:00:00,Summer,29.915751666666665,21.113591666666665,0.06547680422517209,0.18478219887645403,47.12884207061426,2266.8699669625503
2018-07-28 07:00:00,Summer,30.267550000000004,20.667975000000002,0.005543460210641756,0.18684424087667129,41.01543846145761,2425.8869853097112
2018-07-28 08:00:00,Summer,30.51539,20.570591666666665,0.00013557089106798457,0.17611439814915097,25.827621912146025,1410.51804742225
2018-07-28 09:00:00,Summer,30.237328333333334,20.66093,0.0193929390899564,0.21387279797526076,31.407629381136914,1798.6043060028614
2018-07-28 10:00:00,Summer,29.873548333333336,20.729711666666667,0.025338357605748985,0.26270098469929126,55.094230710978344,2455.2866830150197
2018-07-28 11:00:00,Summer,29.72728833333333,20.846645000000002,0.031238386885143844,0.22961690865664233,55.17316870751278,2273.6092187767954
2018-07-28 16:00:00,Summer,29.60991,21.674606666666666,0.1209594564859084,0.25158967858651116,41.27959888832611,1669.8095588896601
2018-07-28 17:00:00,Summer,29.618568333333332,21.757648333333336,0.12376169859181037,0.17461829783534016,36.290128835241056,1439.3294179004167
2018-07-28 18:00:00,Summer,29.63882166666667,21.773276666666668,0.13043922120180562,0.12993501269998275,34.603547470310204,1550.1482850266518
2018-07-28 19:00:00,Summer,29.658725,21.819535,0.13816346403331548,0.20167637237698594,51.972944318827054,2655.285262770216
2018-07-28 20:00:00,Summer,29.655726666666666,21.79225166666667,0.14006542277954798,0.29505450362935765,59.26414026665398,2798.3860707471495
2018-07-28 21:00:00,Summer,29.634195,21.180221666666668,0.11704833565077837,0.31681783527315577,47.8011903913132,2263.4538474472592
2018-07-29 04:00:00,Summer,29.640725,20.94473833333333,0.027778513889897605,0.292809795094617,47.026837625833686,1825.5944223278957
2018-07-29 05:00:00,Summer,29.68515166666667,21.132716666666667,0.024221169219820808,0.2298527721880248,59.603878387771616,2784.040336172473
2018-07-29 06:00:00,Summer,29.85372166666667,21.214265,0.058783109688165525,0.18805468782241408,65.00691467125948,2978.1688027593455
2018-07-29 07:00:00,Summer,30.203231666666667,21.008221666666667,0.04202504842202926,0.1896030970522031,46.46905198708694,2328.650240122583
2018-07-29 08:00:00,Summer,30.352956666666667,20.784701666666667,0.0003007871325687987,0.16379171801508227,64.38098950288929,3879.991266746991
2018-07-29 09:00:00,Summer,30.123716666666667,20.837806666666665,0.004004910119868816,0.2029408661196075,102.55499909730771,5402.752180141622
2018-07-29 10:00:00,Summer,29.889436666666665,21.029708333333335,0.02924344087163705,0.243634243619345,56.45900765532508,3328.589572636153
2018-07-29 11:00:00,Summer,29.691106666666666,21.0389,0.06341266236019767,0.2573315808561357,58.5399090017205,2487.3477624382576
2018-07-29 12:00:00,Summer,29.671578333333333,20.977281666666666,0.08154343648792343,0.19531482933645278,42.37211795794613,1480.003668948233
2018-07-29 17:00:00,Summer,29.698431666666668,21.383255000000002,0.14997719454158515,0.16595892875168902,41.73715980076396,2006.5332121018107
2018-07-29 18:00:00,Summer,29.691728333333334,21.66355666666667,0.1292622038561709,0.12999740702215581,39.649293819594746,1874.1665932928797
2018-07-29 19:00:00,Summer,29.67503333333333,21.612025,0.14378324970776374,0.16130913963870872,44.29315531509457,2323.119470807306
2018-07-29 20:00:00,Summer,29.682956666666666,21.290006666666667,0.121887479541313,0.2336643803945536,54.084173247235746,2791.409842928782
2018-07-29 21:00:00,Summer,29.73895,20.956081666666666,0.10509485147696211,0.30842166521261716,56.66130351046194,2967.206549106069
2018-07-29 22:00:00,Summer,29.771486666666664,20.57606666666667,0.08420864870684538,0.31263096183535094,45.296159038676265,2328.16859576478
2018-08-02 00:00:00,Summer,29.982683333333334,19.969316666666664,0.08354279333888291,0.25588440703122045,42.108325935440504,1833.931668198402
2018-08-02 06:00:00,Summer,29.983240000000002,19.718078333333334,0.04383400052387443,0.23676629161699517,57.259960998046914,2696.5741095698636
2018-08-02 07:00:00,Summer,29.989761666666666,19.821865,0.04255570911847277,0.21451316710364585,53.52082848013217,2620.971195602019
2018-08-02 08:00:00,Summer,29.99814,19.85079,0.07021293383515682,0.15565387561049443,62.68369039186152,2981.944102412822
2018-08-02 09:00:00,Summer,30.003463333333332,19.913643333333333,0.050238129708407256,0.144533897187529,89.5738327782083,4517.551643785068
2018-08-02 10:00:00,Summer,30.014448333333334,20.01866,0.06798521613636668,0.1843648058857146,99.86921184201366,5132.349251796283
2018-08-02 11:00:00,Summer,30.022771666666664,20.163911666666667,0.09711060621721021,0.24287470682009418,75.99348729864306,4352.092000389462
2018-08-02 12:00:00,Summer,30.020225,20.260021666666667,0.07636497812543562,0.2665106458112944,81.34147728828962,4296.336136080958
2018-08-02 13:00:00,Summer,30.008393333333334,20.254248333333333,0.09303294256312387,0.23645237963491866,56.376087157303544,2719.7751254496434
2018-08-02 21:00:00,Summer,30.03363166666667,21.047306666666667,0.0829058479733022,0.15669972820014325,61.97509659132641,2807.3663349645662
2018-08-02 22:00:00,Summer,30.03903166666667,20.548765,0.08512537914138187,0.15201556983002745,54.99839439195371,2521.01515467604
2018-08-02 23:00:00,Summer,30.072583333333334,20.3944,0.06258598671181595,0.18232886142535662,59.10058007880108,2792.914803096398
2018-08-03 00:00:00,Summer,30.114613333333335,20.191405,0.04571184331404682,0.22383549983416992,63.84226287240698,2936.2400343655604
2018-08-03 01:00:00,Summer,30.102428333333332,19.969046666666667,0.032204201956605845,0.23037876285526174,65.92774341559199,2822.3873797795695
2018-08-03 04:00:00,Summer,30.077593333333333,19.689081666666667,0.024948917890799824,0.08049327791610215,84.98268225486987,3330.278775934153
2018-08-03 05:00:00,Summer,30.088268333333335,19.702743333333334,0.039924888026256294,0.1717125446956701,63.81573906176441,2831.160106712513
2018-08-03 06:00:00,Summer,30.08845,19.991913333333333,0.03562867443542788,0.2126581345230234,57.33802245498122,2558.5953393166387
2018-08-03 07:00:00,Summer,30.0802,20.334323333333334,0.044349402279432903,0.22110169371998287,56.27768186798691,2525.6092835545683
2018-08-03 08:00:00,Summer,30.109699999999997,20.330118333333335,0.028226770769656177,0.2038603249338266,63.16456306506805,3037.543962137698
2018-08-03 09:00:00,Summer,30.103503333333332,20.278441666666666,0.029586910402391142,0.14893914134528483,76.21533834723688,3629.1089725425104
2018-08-03 10:00:00,Summer,30.096051666666668,20.171153333333333,0.02232509325805321,0.1274241108626023,120.62403109139032,4623.389063987992
2018-08-03 11:00:00,Summer,30.116261666666666,20.150778333333335,0.019692597458079265,0.1861382750908524,152.56797720538114,4897.68376612978
2018-08-03 12:00:00,Summer,30.12472166666667,20.432293333333334,0.020208687147827885,0.2497724958509127,135.93022774864772,4730.465783961802
2018-08-03 13:00:00,Summer,30.116921666666666,20.815715,0.014493213137915753,0.24793744625059455,66.9048118557551,3480.5384144824584
2018-08-03 14:00:00,Summer,30.105195,20.663573333333332,0.023462528069494372,0.22581046353360615,57.60133479398975,2863.330667653876
2018-08-03 15:00:00,Summer,30.09643833333333,20.499256666666668,0.0919826144569466,0.16935434832582016,45.12137688137925,2019.5645384281213
2018-08-03 16:00:00,Summer,30.091385,20.503196666666668,0.10252821133583245,0.11927182411913892,44.77952773540814,2042.7358067412094
2018-08-03 17:00:00,Summer,30.08725666666667,20.562841666666667,0.12430828881105611,0.09338315835246916,44.31652141329461,2127.7258888017204
2018-08-03 18:00:00,Summer,30.080289999999998,20.575885000000003,0.10566991137630535,0.15841727281043055,50.405576438811984,2453.32005025217
2018-08-03 19:00:00,Summer,30.05855,20.798503333333333,0.09416026485497433,0.2072009803850164,55.85821104600688,2718.7872682436887
2018-08-03 20:00:00,Summer,30.0498,20.903285,0.0899629239697439,0.20791475677132115,61.15639914109397,2925.661906665773
2018-08-03 21:00:00,Summer,30.06924666666667,20.964355,0.07189252212670189,0.19614599532051155,75.39459379969433,3378.2287675647417
2018-08-03 22:00:00,Summer,30.10044333333333,21.144526666666664,0.05410490417379134,0.15595658609973237,97.25452136138088,3712.042750897604
2018-08-03 23:00:00,Summer,30.128188333333334,21.169875,0.05380505959608273,0.10583474807054535,115.71687183370683,3752.736895411751
2018-08-04 00:00:00,Summer,30.130713333333333,21.057056666666664,0.04631198434154935,0.14326432341120116,128.079848425569,3924.610605009254
2018-08-04 01:00:00,Summer,30.130816666666664,20.965854999999998,0.03726946110394798,0.20419487807018927,125.4114646929972,3866.3416748563513
2018-08-04 02:00:00,Summer,30.127763333333334,20.682468333333336,0.02400443852868373,0.22073571560061858,125.44297424711155,3938.902822067279
2018-08-04 03:00:00,Summer,30.105776666666667,20.539793333333332,0.01385701389462996,0.17534972882768457,116.55782837876936,3895.050548254761
2018-08-04 04:00:00,Summer,30.096471666666666,20.303253333333334,0.007296361208064742,0.11879518042301196,90.0539594149111,3888.9836698452623
2018-08-04 05:00:00,Summer,30.099116666666664,20.13866833333333,0.006891495422583785,0.08613968945950054,77.77617121609786,3685.369499663283
2018-08-04 06:00:00,Summer,30.05806833333333,20.172278333333335,0.006539828983216011,0.14221718743359174,65.54810611402661,3481.815246514075
2018-08-04 07:00:00,Summer,29.976155000000002,20.27507166666667,0.00591316254598033,0.1944510230998538,75.62344094412532,3660.44855358674
2018-08-04 08:00:00,Summer,30.028745,20.41524666666667,0.03751909412274719,0.18599830468521625,89.29571691317622,3947.87377562771
2018-08-04 09:00:00,Summer,30.073531666666668,20.469269999999998,0.0633047900769566,0.15612848804553972,89.19923098428445,4094.0364360554086
2018-08-04 10:00:00,Summer,30.099135,20.637565,0.08063378625747175,0.12604497464428688,101.36533049709956,4179.048526782571
2018-08-04 11:00:00,Summer,30.124011666666668,20.887255,0.08250300513419416,0.13760765484366938,139.43992970408544,4246.642706135722
2018-08-04 12:00:00,Summer,30.129633333333334,21.073518333333332,0.09756276676624737,0.22470702610013973,150.46325043660195,3888.357940046342
2018-08-04 13:00:00,Summer,30.124605,21.04664166666667,0.12652948039902143,0.2737270231918174,131.33976438401115,3963.330075557932
2018-08-04 14:00:00,Summer,30.054105,20.981415000000002,0.14153337449164247,0.2792476349402789,109.53540524200223,3963.305874765063
2018-08-04 15:00:00,Summer,30.03954333333333,20.802781666666665,0.16296613196806906,0.2385951052198628,70.76695846486035,3704.7463717973305
2018-08-04 22:00:00,Summer,30.038605,20.9811,0.1230731652521239,0.134300433495044,82.63770157267413,3763.9670575043287
2018-08-04 23:00:00,Summer,30.043593333333334,20.914245,0.1009946739577398,0.12159273742500198,121.63528249630964,3980.8341718984498
2018-08-05 00:00:00,Summer,30.122014999999998,20.814081666666667,0.1116616951392545,0.14456961583326028,127.01636340681928,4031.935882814875
2018-08-05 01:00:00,Summer,30.16325833333333,20.684626666666666,0.0991668829230898,0.17918178756251119,121.98897460882229,3917.7397756285454
2018-08-05 02:00:00,Summer,30.171543333333332,20.419095000000002,0.07098964528773719,0.21249402945189289,129.354068944882,3975.727871976697
2018-08-05 03:00:00,Summer,30.165105,20.094668333333335,0.06229045831912837,0.21496007250583754,121.57224041275708,3850.835260738381
2018-08-05 04:00:00,Summer,30.167421666666666,20.18976,0.07792676471277542,0.19231292735408356,97.74127705479555,3775.652944166455
2018-08-05 05:00:00,Summer,30.188293333333334,20.161186666666666,0.06001281811849853,0.14179571960908796,70.22151367971615,3519.1229731447515
2018-08-05 08:00:00,Summer,30.183421666666668,20.157601666666668,0.05140167256946417,0.16214880544911492,75.66174213764528,3619.3565917744077
2018-08-05 09:00:00,Summer,30.136071666666666,20.408658333333335,0.07458091709736095,0.18243418963643368,87.90681740523638,3915.0695757469916
2018-08-05 10:00:00,Summer,30.131613333333334,20.52351666666667,0.05577212595832026,0.1869023589489101,123.80992213126594,4229.701950670092
2018-08-05 11:00:00,Summer,30.139478333333333,20.624551666666665,0.04302634140880229,0.1279797822919275,144.19347178307527,4154.2935101921175
2018-08-05 12:00:00,Summer,30.17378,20.660505,0.05343127839441168,0.11741614052946689,145.5309025470388,3989.731967312651
2018-08-05 13:00:00,Summer,30.178785,20.653155,0.048706912882376316,0.19538969168314493,154.81513304284755,3933.476371259389
2018-08-05 14:00:00,Summer,30.181593333333335,20.99744666666667,0.06343860831413341,0.26524561396100343,148.29588878940314,3861.57470187492
2018-08-05 15:00:00,Summer,30.200215,21.37347,0.1251904062210615,0.2830785411263247,122.27685232818001,3910.738312103211
2018-08-05 16:00:00,Summer,30.223586666666666,21.048575000000003,0.10876333816770647,0.21123377319570774,94.21101976956179,3830.4418275552675
2018-08-05 17:00:00,Summer,30.21635,20.964296666666666,0.09765068618037806,0.1557213016278199,68.30126075112224,3633.334100599015
2018-08-05 18:00:00,Summer,30.211165,20.90575,0.11922290008140166,0.12577576941259497,58.99439845453356,3347.9533852017607
2018-08-05 19:00:00,Summer,30.196971666666666,20.84632,0.11084710788159055,0.10191287135086746,61.77218211891497,3340.398422622162
2018-08-05 20:00:00,Summer,30.205411666666667,20.86982833333333,0.10737346715557612,0.18932360435645684,81.96562099711583,3551.783944856564
2018-08-05 21:00:00,Summer,30.15162666666667,20.944393333333334,0.07335095270901695,0.2590944820033995,105.83704687216506,3680.0451801930535
2018-08-05 22:00:00,Summer,30.181416666666667,20.950163333333332,0.04907164798822261,0.2489607285789269,119.56179397228551,3648.485021250539
2018-08-05 23:00:00,Summer,30.174071666666666,21.16094,0.06670575893009179,0.19962520724351446,122.42251002486933,3490.3165449625894
2018-08-06 00:00:00,Summer,30.185565,21.183373333333336,0.08562301539554854,0.15862330065113145,127.2789040530024,3393.1488081243824
2018-08-06 01:00:00,Summer,30.211845,20.912611666666667,0.08836860399781273,0.1329106646087945,127.09821121517545,3287.7093182624485
2018-08-06 02:00:00,Summer,30.235053333333333,20.654121666666665,0.09546420373284828,0.16423142236339802,120.40796386367016,3165.71202639698
2018-08-06 03:00:00,Summer,30.246171666666665,20.513371666666668,0.07610471934738249,0.18667471686021386,122.24264612146,3345.565525011834
2018-08-06 04:00:00,Summer,30.245483333333333,20.64979,0.04904602644240584,0.21647595547719986,127.98885696651287,3456.66845315861
2018-08-06 05:00:00,Summer,30.23922,20.420216666666665,0.036355057872512184,0.20403467915501863,131.24940043784804,3501.106742334446
2018-08-06 06:00:00,Summer,30.22707,20.22528,0.03607643899914495,0.1721858783652204,121.24856702302412,3512.8230923914653
2018-08-06 07:00:00,Summer,30.19511333333333,20.092211666666667,0.035774949483644305,0.1257928697616839,103.24434400121619,3556.975536862896
2018-08-06 08:00:00,Summer,30.117223333333335,20.080631666666665,0.03445206166918378,0.09806122850730471,101.44624128808003,3630.5999932737627
2018-08-06 09:00:00,Summer,30.040976666666666,20.105098333333334,0.025635733937460697,0.1560582244704487,109.17665849199776,3706.8076709834636
2018-08-06 10:00:00,Summer,30.016615,20.27395,0.01648951637609383,0.2154804507166507,117.28511537212461,3796.2182354460406
2018-08-06 11:00:00,Summer,30.092426666666665,21.005381666666665,0.013274400349443877,0.22181757086214496,127.2071033065745,3939.552109433466
2018-08-06 12:00:00,Summer,30.189784999999997,21.272123333333333,0.00899032969046361,0.14320346389148267,142.03337429323292,4032.24661593446
2018-08-06 13:00:00,Summer,30.206183333333335,21.461658333333332,0.017806459240439828,0.11176624365884283,134.50403213084797,3979.587696318826
2018-08-06 14:00:00,Summer,30.221574999999998,21.677023333333334,0.1040839995454536,0.21384701336593098,136.81662410235586,3653.9512392630463
2018-08-06 15:00:00,Summer,30.135676666666665,21.728416666666664,0.11953803537733307,0.2777450240221292,127.25383122869138,3492.8955873523596
2018-08-06 16:00:00,Summer,30.03751833333333,21.459296666666667,0.11090867592295943,0.2703705978521461,128.59148997931146,4001.029290195308
2019-01-10 14:00:00,Winter,29.347731666666668,11.43076,0.009387073629175721,0.13189908194984498,64.00115410632083,2947.57130543002
2019-01-10 15:00:00,Winter,29.313256666666668,11.553678333333332,0.013178215228265204,0.2465377055478155,51.896580676102964,2379.5090800344465
2019-01-10 16:00:00,Winter,29.102763333333332,11.581255,0.021221138237718443,0.2747491618155796,51.64755290478077,2320.412854241894
2019-01-10 17:00:00,Winter,28.877398333333336,11.610359999999998,0.020435630703788073,0.2437062416606255,53.558007763525204,2361.3652356947164
2019-01-10 18:00:00,Winter,28.665506666666666,11.647678333333333,0.01812507862314432,0.2105431003882207,50.13926067329581,2259.5220615248395
2019-01-10 19:00:00,Winter,28.349551666666667,11.712643333333334,0.015996261672948285,0.1483616529869371,42.02607455642489,1755.1660552355643
2019-01-10 20:00:00,Winter,27.834765,11.652391666666666,0.019154084897546948,0.13506816685909456,42.35561304740843,1586.4639324405102
2019-01-10 22:00:00,Winter,28.167143333333335,11.444508333333333,0.010276946808078278,0.22318844036904067,46.12661713219082,1836.017315898786
2019-01-10 23:00:00,Winter,28.847848333333335,11.513351666666667,0.00839028665525835,0.21870679103061033,43.17023258731278,1726.55106574168
2019-01-11 00:00:00,Winter,29.159493333333334,11.406704999999999,0.005829456688033056,0.21381819038090194,48.163213438327254,2085.1938368396027
2019-01-11 01:00:00,Winter,29.185056666666664,11.301168333333333,0.005965978368103125,0.17058358314910108,53.19346255668571,2399.1423372082954
2019-01-11 02:00:00,Winter,29.25711,11.260595,0.0034664391436668002,0.11165589881475571,53.797380590969276,2506.070637128527
2019-01-11 03:00:00,Winter,29.280376666666665,11.226635,0.0023059067277199008,0.10364075460925573,62.01033420704887,2837.988376747812
2019-01-11 04:00:00,Winter,29.340846666666668,11.167143333333334,0.002171663511610819,0.1973208363239341,59.46832582448972,2678.2694323123346
2019-01-11 05:00:00,Winter,29.385603333333332,11.176551666666667,0.002010231685877107,0.25518608486637656,54.1448157918641,2464.7315694733566
2019-01-11 06:00:00,Winter,29.217485,11.169453333333333,0.0021557709944458187,0.2597118728623502,51.296197852312396,2303.872913202012
2019-01-11 07:00:00,Winter,28.998518333333333,11.147831666666667,0.005726800655773868,0.18704110854090836,50.00498394364135,2276.1616659780057
2019-01-11 08:00:00,Winter,28.823853333333332,11.164101666666665,0.011007568358444148,0.12871989536802306,53.58192477534313,2717.145917229407
2019-01-11 09:00:00,Winter,28.792751666666668,11.184338333333333,0.015397210954103839,0.101956781071633,52.41768649596102,2725.3139360711452
2019-01-11 10:00:00,Winter,28.918073333333332,11.212935,0.015314626391171472,0.19965315131420067,44.86244351773194,2190.45720211358
2019-01-11 11:00:00,Winter,29.12345,11.277728333333332,0.009862102082796455,0.20665995045056224,39.212028845055,1796.5668518946004
2019-01-11 12:00:00,Winter,29.304993333333336,11.309895000000001,0.011095503540131934,0.18912806086630876,41.97837621325086,1944.0165763744822
2019-01-11 13:00:00,Winter,29.318381666666667,11.3177,0.009540725635865128,0.1164318318099981,47.643829019210514,2386.906488852713
2019-01-11 14:00:00,Winter,29.307616666666668,11.362583333333333,0.007163018091959393,0.08699001814369636,55.2310532765197,2869.6674958472518
2019-01-11 15:00:00,Winter,29.239845,11.391061666666667,0.009151697040257166,0.1427376429875376,51.98355253137956,2666.772980816887
2019-01-11 16:00:00,Winter,29.166528333333336,11.405366666666668,0.013418832679323252,0.24293504682164846,46.72915774434656,2278.416381636319
2019-01-11 17:00:00,Winter,29.030398333333334,11.4157,0.01680025347592118,0.265123687713247,44.734590625393665,2111.022720905524
2019-01-11 18:00:00,Winter,28.889473333333335,11.419435,0.02112935843276686,0.2386676843098773,46.995205195224784,2238.56070855782
2019-01-11 19:00:00,Winter,28.707858333333334,11.5098,0.0172109360458967,0.19128838240385299,43.44133789011101,2049.665292836285
2019-01-11 20:00:00,Winter,28.527269999999998,11.464026666666665,0.029418970023085772,0.12292719236642322,37.415203852924144,1575.9004840820432
2019-01-11 21:00:00,Winter,28.36723,11.453368333333334,0.046008006618440275,0.10456828268794402,36.072944506830154,1380.1376712003225
2019-01-11 22:00:00,Winter,28.54947,11.457481666666666,0.0267985938421237,0.1941069021638348,37.77502814743264,1527.7485609930586
2019-01-11 23:00:00,Winter,28.90073,11.488566666666665,0.011943692839800115,0.21369439822575695,38.388310938415614,1628.6867073689243
2019-01-12 00:00:00,Winter,29.031335000000002,11.437565000000001,0.007881918479119591,0.21882335449155108,44.88987903349347,2055.1965112929006
2019-01-12 01:00:00,Winter,29.059925,11.393743333333333,0.00831384329690693,0.17660505095461185,48.376703362898105,2224.4469899383776
2019-01-12 02:00:00,Winter,29.141053333333332,11.368030000000001,0.006013579285365821,0.12011595558287028,52.00393815862546,2568.343962182581
2019-01-12 03:00:00,Winter,29.202121666666667,11.32971,0.0049676784670670306,0.08425413790006897,51.78990695508422,2560.4982490363286
2019-01-12 04:00:00,Winter,29.32247166666667,11.301826666666667,0.004740960087459466,0.12343691692287473,55.777483698776535,2711.358922633064
2019-01-12 05:00:00,Winter,29.393253333333334,11.299485,0.0031550768211933357,0.21153363254813526,52.1304514455227,2490.19651051543
2019-01-12 06:00:00,Winter,29.315479999999997,11.278546666666667,0.0014041656637430711,0.2601716872549492,49.07522409117855,2215.7996776304117
2019-01-12 07:00:00,Winter,29.096798333333332,11.272034999999999,0.003198632794892981,0.23225854082921518,47.18209109769271,2156.7231726156992
2019-01-12 08:00:00,Winter,28.917151666666665,11.300056666666668,0.0034341579233537673,0.17971680853104682,47.13156796550746,2411.280309682939
2019-01-12 09:00:00,Winter,28.779076666666665,11.324146666666667,0.0025256218621151636,0.10696596013030371,44.98278463547144,2465.538772659534
2019-01-12 10:00:00,Winter,28.805343333333333,11.39418,0.0005723310318262703,0.1175733272819234,41.85169754426828,2500.2154564336656
2019-01-12 11:00:00,Winter,28.91857666666667,11.590433333333333,0.00024602136305067375,0.20168139730538756,34.542602194350316,1995.2124975174313
2019-01-12 12:00:00,Winter,29.05998333333333,11.698911666666667,0.00015635717856194082,0.20653839842093333,38.35513124187832,2051.6686409097256
2019-01-12 13:00:00,Winter,29.199068333333333,11.829996666666666,0.00021337909119956784,0.15747674253204474,35.84670588961964,1771.1162044312257
2019-01-12 14:00:00,Winter,29.318443333333335,11.888708333333334,0.00021226279033767043,0.10752550693005906,39.82352807657392,2013.1135689304538
2019-01-12 15:00:00,Winter,29.350365,11.896926666666667,0.00021999412453642706,0.08546948894084194,40.540186290906846,2005.7922358636117
2019-01-12 16:00:00,Winter,29.330755,11.899939999999999,0.000217436193196997,0.16534643903732332,39.41317799522686,1926.0559791101882
2019-01-12 17:00:00,Winter,29.184955,11.897973333333335,0.0001759654733211924,0.2291108433918821,41.08443612658445,2015.0612263446217
2019-01-12 18:00:00,Winter,28.995283333333337,11.936328333333334,0.00011074575761940105,0.22561718724968763,40.65065662514105,1925.7504584898181
2019-01-12 19:00:00,Winter,28.89317,11.988036666666666,0.0007528325978928949,0.19987438241589348,41.577676535307205,2081.5513100311023
2019-01-12 20:00:00,Winter,28.739343333333334,12.009678333333333,0.0028690107092375853,0.17060588677739902,38.38728888572813,1848.1529088057998
2019-01-12 21:00:00,Winter,28.648751666666666,12.059513333333333,0.0028076315289543123,0.11020296379408509,37.928317191619975,1718.9131033652636
2019-01-12 22:00:00,Winter,28.64197,11.978151666666667,0.0008498827288503426,0.13409351807153125,37.35992446433607,1558.924011936521
2019-01-12 23:00:00,Winter,28.842178333333333,11.854676666666668,0.0002169511762875314,0.19407686964909196,36.204689951875025,1555.685981596546
2019-01-13 00:00:00,Winter,28.96594,11.806146666666667,0.00010670254146011196,0.21265629633306485,37.74013652500108,1654.6099615266728
2019-01-13 01:00:00,Winter,29.116821666666667,11.754838333333334,0.0006616456365164042,0.19349198604406048,42.28717911071919,1993.9214798279472
2019-01-13 02:00:00,Winter,29.209488333333336,11.666656666666666,0.0025335135205128393,0.1515682813947787,44.27003598499455,2124.9327819583864
2019-01-13 03:00:00,Winter,29.284333333333333,11.580425,0.002772670110213225,0.1004990773478899,44.43256279552974,2242.391757811111
2019-01-13 04:00:00,Winter,29.27775,11.539105000000001,0.0028565064983390796,0.08772986176010246,45.50547982176207,2387.373720535645
2019-01-13 05:00:00,Winter,29.207623333333334,11.511985000000001,0.0032909575825616753,0.14864834937520285,45.0845563250356,2267.517677697787
2019-01-13 06:00:00,Winter,29.192288333333334,11.495065,0.002523720218281504,0.21973714607691724,44.676402632321214,2183.5334150216477
2019-01-13 07:00:00,Winter,29.09798333333333,11.471736666666667,0.0013780300086859289,0.25970936030159236,44.34944280393042,2089.455005974403
2019-01-13 08:00:00,Winter,28.900301666666667,11.44171,0.0013120349540292821,0.2250697639600904,42.98258114056226,2197.7235639624946
2019-01-13 09:00:00,Winter,28.718140000000002,11.49062,0.0013115611007896081,0.17140253916263093,42.97363961772171,2399.2822446855334
2019-01-13 10:00:00,Winter,28.70596833333333,11.690501666666668,0.001897512481714386,0.10554448895251496,38.47065333803131,2388.4103146432976
2019-01-13 11:00:00,Winter,28.80468,11.839461666666667,0.0023942600005965554,0.12447569200801793,29.68778249301081,2133.1781306603443
2019-01-13 12:00:00,Winter,28.885226666666664,11.976125,0.002860125587427649,0.20162094180635176,29.31627747476809,1762.9222699962004
2019-01-13 13:00:00,Winter,28.920168333333333,11.984679999999999,0.0033981985655537374,0.2204622203963679,32.57108111805631,1719.0699366401518
2019-01-13 14:00:00,Winter,28.975011666666667,11.997006666666666,0.0076659530903457306,0.1646910385103621,33.40003143784639,1612.3178951066698
2019-01-13 15:00:00,Winter,29.057146666666664,12.022549999999999,0.006741916657793163,0.1003718285617109,34.35178210956715,1679.0217611213168
2019-01-13 16:00:00,Winter,29.134691666666665,11.970456666666667,0.006636271739826177,0.08584280146803827,36.04588243233897,1864.3755719037244
2019-01-13 17:00:00,Winter,29.18113333333333,11.95515,0.005897711279082684,0.14216407072571108,36.54361406785055,1799.8683782218236
2019-01-13 18:00:00,Winter,29.147724999999998,11.91032,0.0036778190320019633,0.1957348109940748,36.88907793459825,1775.6804482795246
2019-01-13 19:00:00,Winter,28.980610000000002,11.92057,0.002484589703812533,0.20894250745456402,36.075872836526784,1728.4432668969173
2019-01-13 20:00:00,Winter,28.804305,11.927425,0.001853166298192742,0.18498500731295758,35.23549820645485,1736.9831253606974
2019-01-13 21:00:00,Winter,28.737411666666667,11.987833333333333,0.0013682710742789058,0.14032323017135911,33.90622748875026,1729.9602054882782
2019-01-13 22:00:00,Winter,28.795180000000002,12.010593333333333,0.00029111195833201513,0.09401184403671556,30.929445144502154,1580.7471976679653
2019-01-13 23:00:00,Winter,28.866755,12.009878333333335,0.00013767418923855566,0.1530795803408332,32.726271750833035,1520.7995938934278
2019-01-14 00:00:00,Winter,28.86304,11.961686666666667,0.0008386436555598308,0.20365716132272765,35.27367174458846,1688.8940496195876
2019-01-14 01:00:00,Winter,28.936294999999998,11.836446666666665,0.0012485008259970555,0.21193258311021976,36.28375431274112,1699.8428385705486
2019-01-14 02:00:00,Winter,29.110718333333335,11.766758333333334,0.0011898042572827366,0.1885639975774799,37.648198134137274,1777.5438420597698
2019-01-14 03:00:00,Winter,29.17173,11.704573333333334,0.0009370303460741593,0.15368174883148666,39.237945658225506,1876.7202338460097
2019-01-14 04:00:00,Winter,29.212443333333333,11.62611,0.0009661544189723376,0.09789520218998692,42.14756055156292,2213.2152393290867
2019-01-14 05:00:00,Winter,29.206038333333332,11.605889999999999,0.0012012778333961372,0.08988070019610031,44.11578599454319,2369.2774578927074
2019-01-14 06:00:00,Winter,29.215053333333334,11.622013333333333,0.002086516208940037,0.14972835754662578,42.5206299381141,2172.9409917000603
2019-01-14 07:00:00,Winter,29.227059999999998,11.596675,0.0036595181405007574,0.23654184835784714,42.01145696218657,2078.3475484483683
2019-01-14 08:00:00,Winter,29.088518333333337,11.572503333333334,0.006878967599498877,0.26864239997709805,41.72522649626921,2040.7414449526718
2019-01-14 09:00:00,Winter,28.885998333333337,11.589771666666667,0.005765162462683906,0.22413081494537024,41.76009391782807,2167.3596813874497
2019-01-14 10:00:00,Winter,28.82837333333333,11.677876666666666,0.0062987634806219665,0.16874981126059624,39.83944452913024,2239.65090458421
2019-01-14 11:00:00,Winter,28.751488333333334,11.849996666666668,0.005977366872664658,0.11269593575534739,36.83438375587242,2177.817309184459
2019-01-14 12:00:00,Winter,28.739108333333334,11.937216666666666,0.005250187674997875,0.10608673227674484,29.957636320841548,1774.43551491755
2019-01-14 13:00:00,Winter,28.787660000000002,12.054871666666665,0.027856483482537747,0.11938253970766222,42.6720460419053,2076.4908852838826
2019-01-14 14:00:00,Winter,28.87293,12.091568333333333,0.06898191064865088,0.12987909908921275,44.67155553146295,2211.30617840126
2019-01-14 15:00:00,Winter,28.927410000000002,11.976935,0.0479852208283853,0.11507815484693255,43.31927053261925,2134.23196929344
2019-01-14 16:00:00,Winter,28.903683333333333,11.894381666666668,0.02986623215995311,0.11332789868795212,46.17688567220716,2286.585923073813
2019-01-14 17:00:00,Winter,28.945653333333333,11.845661666666667,0.025778438662889126,0.09879883478635298,48.76920239340347,2398.0158323825576
2019-01-14 18:00:00,Winter,28.922301666666666,11.842536666666666,0.01730753308191839,0.125876943609562,50.89291953250471,2507.5783778666196
2019-01-14 19:00:00,Winter,28.845471666666665,11.805448333333334,0.013257662506595871,0.21396451631210853,47.473988361321595,2299.1275252323226
2019-01-14 20:00:00,Winter,28.765698333333333,11.767378333333333,0.00922654483509113,0.244016192150856,48.25148724056023,2392.80231692356
2019-01-14 21:00:00,Winter,28.686239999999998,11.764851666666667,0.0062696379305814875,0.2136814531248022,48.70353167092925,2498.9911615485184
2019-01-14 22:00:00,Winter,28.626143333333335,11.820423333333334,0.01328834022619735,0.16202030980639945,48.30600516688426,2407.6060582720584
2019-01-14 23:00:00,Winter,28.552525,11.77666,0.02468620930137556,0.11427560259485944,50.24353075030663,2303.340393326414
2019-01-15 00:00:00,Winter,28.486475,11.720698333333333,0.02208874377547195,0.09925601687404711,45.52870757629209,2006.040920618439
2019-01-15 01:00:00,Winter,28.544398333333334,11.692433333333334,0.04892114121481589,0.1324794882715466,43.44667114427685,1900.3381007003106
2019-01-15 02:00:00,Winter,28.659666666666666,11.6491,0.04663654981964204,0.16004156112042206,47.72799605002591,2146.2219228425306
2019-01-15 03:00:00,Winter,28.72430166666667,11.54,0.052606816219222315,0.14381062323649305,50.87971115964077,2362.0708052064615
2019-01-15 04:00:00,Winter,28.810766666666666,11.487286666666668,0.0535495271029624,0.12492709219152516,53.8229741417057,2525.7790122148795
2019-01-15 05:00:00,Winter,28.905883333333335,11.45801,0.0319340341426793,0.08730464192798049,53.6805022593971,2666.8823909054167
2019-01-15 06:00:00,Winter,28.979178333333333,11.367051666666667,0.03273979293822741,0.10859741108857772,48.41122616475588,2357.2390338867294
2019-01-15 07:00:00,Winter,28.9819,11.344764999999999,0.03485472360740888,0.2080546179693469,47.651845717888605,2259.232539195756
2019-01-15 08:00:00,Winter,29.07330166666667,11.360886666666666,0.0355323726034569,0.30231958107045637,45.231847332108686,1984.5477574713163
2019-01-15 09:00:00,Winter,28.953211666666668,11.389154999999999,0.03150815877738821,0.2915573087512468,45.98097964097359,2010.6742948825927
2019-01-15 10:00:00,Winter,28.706403333333334,11.498723333333334,0.019800997620865325,0.25423052107486094,57.53538080228056,2641.725117838519
2019-01-15 11:00:00,Winter,28.536273333333334,11.412931666666667,0.016428590749995826,0.20475594811174186,59.74272736670992,2712.854470873942
2019-01-15 12:00:00,Winter,28.5031,11.343060000000001,0.010099633074893935,0.1365053978328212,59.4806763518798,2730.084974541269
2019-01-15 13:00:00,Winter,28.470473333333334,11.317621666666668,0.0030209002283323023,0.12217251367458556,52.591737480923,2552.4905284888064
2019-01-15 14:00:00,Winter,28.42316333333333,11.373268333333334,0.00200505335309491,0.17142226353984924,48.02417274225529,2253.919008801739
2019-01-15 15:00:00,Winter,28.449685,11.416696666666667,0.04167073228891692,0.17816470681063545,43.13157317087502,1871.3740415820494
2019-01-15 16:00:00,Winter,28.577231666666666,11.452065000000001,0.09031721158015059,0.13316572653221975,39.55265305569468,1621.568008886609
2019-01-15 19:00:00,Winter,28.83403333333333,11.503403333333333,0.050660460266317986,0.17936044414846458,43.4682749586826,2043.2922190854088
2019-01-15 20:00:00,Winter,28.910739999999997,11.484366666666666,0.06064286707816281,0.22802088046903995,48.49061641430365,2248.7260470275723
2019-01-15 21:00:00,Winter,28.857086666666664,11.480316666666665,0.04164033295610856,0.25966876612219064,54.612692226018886,2462.9602901229805
2019-01-15 22:00:00,Winter,28.732228333333335,11.489453333333334,0.029732782231023065,0.2274744617946085,62.220207247440996,2781.5865458043795
2019-01-15 23:00:00,Winter,28.522026666666665,11.426504999999999,0.020046876620042876,0.19978745306101395,57.995440857611236,2600.601878143344
2019-01-16 02:00:00,Winter,28.378858333333334,11.366995,0.024761005512144683,0.18538803356979766,54.07995878249292,2384.0657295512115
2019-01-16 03:00:00,Winter,28.606816666666667,11.459893333333333,0.026062415510282273,0.19430382919250208,54.92505639784444,2466.975981668139
2019-01-16 04:00:00,Winter,28.794320000000003,11.456885,0.049089675514926844,0.16233159334750388,53.35767757514733,2414.358465806498
2019-01-16 05:00:00,Winter,28.95554,11.440558333333334,0.05711436088491611,0.127795192722463,51.92750090982254,2338.556954438545
2019-01-16 06:00:00,Winter,29.06607,11.419748333333333,0.05082654526284819,0.09103325191434677,48.95666526911587,2234.5593870163193
2019-01-16 07:00:00,Winter,29.091443333333334,11.395545,0.0567599713387473,0.14941119390827956,43.72141866633316,1902.61705027699
2019-01-16 08:00:00,Winter,29.035806666666666,11.407768333333333,0.04090189903768825,0.2477962554303196,45.201473454122066,1945.954378012487
2019-01-16 09:00:00,Winter,29.267001666666665,11.427513333333334,0.031447208091021785,0.34918765695237963,42.51475378821593,1692.5896277631005
2019-01-16 10:00:00,Winter,29.08731166666667,11.464823333333333,0.0374612479364413,0.3189826679064739,44.462556015248126,1820.916853677906
2019-01-16 11:00:00,Winter,28.727843333333333,11.54366,0.08597699140309535,0.26686021794664977,45.11252666334558,1891.600649551492
2019-01-17 09:00:00,Winter,28.743963333333333,11.684645,0.014544847232019719,0.2576323752317244,54.019455653542,2220.506824627829
2019-01-17 10:00:00,Winter,28.8885,11.716621666666667,0.012039050769388939,0.3221676637519138,51.65624599747974,2028.6411522922726
2019-01-17 20:00:00,Winter,28.903275,11.918883333333333,0.008023785955583812,0.12568887954970948,79.2646176343784,2955.4984945407514
2019-01-17 21:00:00,Winter,28.951046666666667,11.835216666666668,0.009234744980155203,0.09856685845779649,94.1846342676532,3422.277847453342
2019-01-17 22:00:00,Winter,29.06799,11.812158333333334,0.0067902526537081,0.18097646240274984,73.06867439217135,3043.308645497464
2019-01-17 23:00:00,Winter,29.047495,11.806268333333332,0.005111071517033681,0.27410416538341137,65.93513651658242,2679.5273862198333
2019-01-18 00:00:00,Winter,28.742855000000002,11.805826666666666,0.0035732616251720715,0.28834841726876687,69.3770415580164,2698.9664139390375
2019-01-18 01:00:00,Winter,28.578246666666665,11.856771666666667,0.0028308823276667434,0.19959825001240067,92.16648433368388,3061.349368058337
2019-01-18 02:00:00,Winter,28.50110833333333,11.92605,0.00380683850766661,0.15306995247284505,117.19148765771845,3493.842000966661
2019-01-18 03:00:00,Winter,28.593131666666668,11.908808333333333,0.004654154522032971,0.12099357546846967,104.27943519836481,3449.9366267268547
2019-01-18 04:00:00,Winter,28.706149999999997,11.871739999999999,0.0038695997069818342,0.2337359867474614,75.45503972309233,2845.4324349806325
2019-01-18 05:00:00,Winter,28.674463333333332,11.841595,0.0033944040722303625,0.25635571021467435,71.76723675066273,2666.6388685387224
2019-01-18 06:00:00,Winter,28.716600000000003,11.793268333333334,0.003564582001858594,0.22615453355547643,81.38703260171611,2791.5457825084086
2019-01-18 07:00:00,Winter,28.942793333333334,11.745741666666667,0.007273441871735506,0.16842449756539962,87.97566531346416,3097.8297541158854
2019-01-18 08:00:00,Winter,29.02583,11.748225,0.01146027020631742,0.09784256388682608,104.23292679086157,3515.0012901521955
2019-01-18 09:00:00,Winter,29.006865,11.742858333333334,0.014777022661835913,0.1379705431812464,88.7388785734592,3314.7958274615453
2019-01-18 10:00:00,Winter,28.874073333333335,11.759566666666666,0.013143784795785294,0.3031235141745275,72.22068188391502,2788.702372066915
2019-01-18 11:00:00,Winter,28.712188333333334,11.832826666666667,0.007618250142493949,0.39937939766130776,70.8281872321383,2555.579655205908
2019-01-18 12:00:00,Winter,28.031305,12.004701666666667,0.0024334320563007116,0.3540435789452595,64.71348399175496,2203.5618179363555
2019-01-18 20:00:00,Winter,27.97766,12.286095,0.0007565794316938921,0.22306565935434802,80.1949714250648,2627.41645497043
2019-01-18 21:00:00,Winter,28.188738333333333,12.208491666666667,0.001495159711736354,0.1562686715479813,92.22558133939995,3138.165856664356
2019-01-18 22:00:00,Winter,28.282496666666667,12.190016666666667,0.0026873238868330594,0.0985276245082944,93.20752743318018,3417.770857616185
2019-01-18 23:00:00,Winter,28.26294,12.144253333333333,0.0028451162454761906,0.17510778521773507,76.87338990468683,3151.651086466196
2019-01-19 00:00:00,Winter,28.047986666666667,12.170378333333334,0.002121073281654214,0.3210076297449898,73.72043267924042,2814.015417677544
2019-01-19 01:00:00,Winter,27.603608333333334,12.171895000000001,0.0006788426803159034,0.2978308565759067,73.74051555418006,2746.6450017162997
2019-01-19 02:00:00,Winter,27.507561666666668,12.247546666666667,0.00030166034037240673,0.21803388000918716,75.23317459904179,2805.522359375486
2019-01-19 03:00:00,Winter,27.446613333333335,12.355571666666666,0.0002307376706604988,0.13088090740694025,83.72655852321013,3247.162171272675
2019-01-19 04:00:00,Winter,27.623003333333333,12.352913333333333,0.00024971285991957795,0.1745193328984951,67.53883020295127,2949.3693673768003
2019-01-19 05:00:00,Winter,27.706815,12.306015,0.0004615173982323304,0.29916279195919365,62.54304319703521,2492.894332044156
2019-01-19 06:00:00,Winter,27.740473333333334,12.22897,0.0010263540775756125,0.2846164155027534,61.624487894698454,2387.6123444469845
2019-01-19 07:00:00,Winter,27.931651666666667,12.135626666666667,0.0022553938938411158,0.2359897072686466,66.80275087959185,2659.752298173585
2019-01-19 08:00:00,Winter,28.09800166666667,12.104674999999999,0.0021527690031862886,0.14931102905818666,77.61551474099026,3166.694016961878
2019-01-19 09:00:00,Winter,28.17893666666667,12.109396666666667,0.003956635839238197,0.09060882432657626,89.41144120212374,3507.0954994718027
2019-01-19 10:00:00,Winter,28.188671666666668,12.116901666666667,0.00304337991531569,0.17286504977833744,84.64505143101002,3333.222599843357
2019-01-19 11:00:00,Winter,28.30884,12.2133,0.0026502979974126276,0.3540258249571716,65.40280245062958,2528.283131349609
2019-01-19 12:00:00,Winter,28.212415,12.39089,0.0017106002186203031,0.3774871654676581,61.89308818810627,2333.361219366109
2019-01-19 13:00:00,Winter,27.834578333333333,12.763301666666667,0.004568021339742723,0.34512072452098874,60.92107291452278,2294.0892048442784
2019-01-19 21:00:00,Winter,27.981299999999997,12.665631666666666,0.0001845197976532979,0.238316323789098,72.71249069073093,2687.53389823434
2019-01-19 22:00:00,Winter,28.095758333333333,12.535135,0.0003995148365570739,0.16369361666898763,82.39054638832327,3081.570082957141
2019-01-19 23:00:00,Winter,28.212908333333335,12.515935,0.0009484700132579324,0.09889230025907639,87.46095246135496,3388.4379361107326
2019-01-20 00:00:00,Winter,28.206676666666667,12.468179999999998,0.0010699718449032726,0.20061421343355995,68.37442036034692,2834.9283186064868
2019-01-20 01:00:00,Winter,27.944015,12.544025,0.0006109133638207083,0.342548276005607,61.2919893122953,2432.436599502366
2019-01-20 02:00:00,Winter,27.525681666666667,12.627078333333333,0.00016798244764248526,0.3053834364829562,64.43104557873228,2604.9077157328493
2019-01-20 03:00:00,Winter,27.250655,12.793551666666668,8.804549411338686e-05,0.23204030115425173,69.45313524903126,2789.2046657586716
2019-01-20 04:00:00,Winter,27.187144999999997,12.953208333333333,9.468381416745893e-05,0.11909482136286806,68.49465912898114,3149.4867757654597
2019-01-20 05:00:00,Winter,27.359046666666664,12.966306666666666,0.0001533461910765042,0.1894641222793617,55.569225514746684,2715.268160106737
2019-01-20 06:00:00,Winter,27.521978333333333,12.864271666666667,0.0001580768994320309,0.3161567570399352,55.8328468493088,2394.3101792834977
2019-01-20 07:00:00,Winter,27.65929,12.682818333333334,0.0004044420298851101,0.3000749900026015,52.7766005780334,2134.6359215951034
2019-01-20 08:00:00,Winter,27.953101666666665,12.474626666666667,0.003758846731822454,0.2516156632284735,56.440808080044775,2359.2278052591705
2019-01-20 09:00:00,Winter,28.144356666666667,12.45227,0.0027344950690606595,0.14924808654860244,72.41142592905977,3067.2001571841306
2019-01-20 10:00:00,Winter,28.237233333333332,12.471831666666667,0.0035455562588732636,0.08812180617818995,99.87049050612342,3660.71391717827
2019-01-20 11:00:00,Winter,28.20995,12.488248333333333,0.004646782565457324,0.19177636170423337,72.28769215659257,2960.4022128475704
2019-01-20 12:00:00,Winter,28.279135,12.637925,0.02449653129731096,0.36464839565891294,51.702216883545354,2012.3686476607788
2019-01-20 13:00:00,Winter,28.124185,12.790338333333333,0.03325057158793564,0.38366945864205504,47.56358539760652,1892.9047670149664
2019-01-25 03:00:00,Winter,27.993926666666667,12.112729999999999,0.000561554211331124,0.10634072292064733,72.21902956069235,2902.676053093594
2019-01-25 15:00:00,Winter,27.706208333333333,12.547406666666665,0.0012082056362635583,0.13637485138504607,73.83148278866044,2996.2367812397947
2019-01-25 16:00:00,Winter,27.843886666666666,12.594243333333333,0.0011269774954685914,0.2987564347800246,55.742224383134754,2245.128365189219
2019-01-25 17:00:00,Winter,27.71069333333333,12.721971666666667,0.0011349745835360974,0.3532077735187606,46.64578055112132,1783.3877645245022
2019-01-25 20:00:00,Winter,26.666438333333335,12.294356666666665,0.0002139264324131823,0.1835487118887907,41.699495747906454,1851.3392812065324
2019-01-25 21:00:00,Winter,26.071055,12.383730000000002,0.000184463267859363,0.1633794586342653,34.70228018760021,1493.3212306347077
2019-01-25 22:00:00,Winter,25.974413333333334,12.694491666666666,0.0003999940486491525,0.21077118334842054,35.702577044226466,1664.6925165513899
2019-01-25 23:00:00,Winter,26.688598333333335,12.150115,0.00038395620404526795,0.2592630250803702,43.63751504782847,1986.9817167726628
2019-01-26 04:00:00,Winter,27.931936666666665,12.20972,0.00015571600493913986,0.11521337320630594,71.44006282485391,2853.606938643739
2019-01-26 05:00:00,Winter,27.933705,12.226965,0.00011147709760178797,0.26028246824901685,55.951466943595754,2185.1450294697884
2019-01-26 09:00:00,Winter,27.076666666666664,11.994185,6.78204283344889e-05,0.17801628832329025,48.15715529049248,2306.161747214593
2019-01-26 10:00:00,Winter,27.01036333333333,12.033058333333335,6.456529452084314e-05,0.1375769744578411,42.45176163568703,2158.5304344011092
2019-01-26 11:00:00,Winter,27.066983333333333,12.176963333333333,0.00012937882971770465,0.25110398017008995,39.06576143668526,1957.406415078661
2019-01-26 12:00:00,Winter,27.337725,12.364248333333334,0.00011789255200295988,0.27749562061998134,40.35964871932601,1832.831990780676
2019-01-26 13:00:00,Winter,27.71301,12.60247,0.00012907929006092053,0.23832531067192564,43.93679180698665,1904.3350310864646
2019-01-26 14:00:00,Winter,27.760276666666666,12.659793333333333,0.0005539167561938248,0.16231697087370744,54.692062091267495,2464.382153288392
2019-01-26 15:00:00,Winter,27.766338333333334,12.728731666666667,0.0007606508345651672,0.10294715264555418,87.38165510640053,3411.113523187135
2019-01-26 16:00:00,Winter,27.718284999999998,12.703071666666666,0.0004913440396743013,0.14114159702513396,65.52492447192068,2823.103074199002
2019-01-26 17:00:00,Winter,27.679163333333335,12.716115,0.00031802950703030885,0.2652632409728227,51.715434591407075,2209.6517800741913
2019-01-26 18:00:00,Winter,27.513106666666665,12.747646666666666,0.00010533198959295058,0.3084906347564379,52.00861415004336,2223.0290762344894
2019-01-26 19:00:00,Winter,27.291231666666665,12.725208333333335,7.277727436041161e-05,0.26390520828234865,49.612698473779155,2174.79275425166
2019-01-26 20:00:00,Winter,27.1784,12.692503333333333,6.0144701762958994e-05,0.21445708864601037,48.00112346786071,2183.745447672848
2019-01-26 21:00:00,Winter,27.082303333333336,12.800031666666666,5.365132024631717e-05,0.15054212930626037,37.6522707418689,1676.1347310999438
2019-01-26 22:00:00,Winter,26.8946,12.724829999999999,0.00015948894092630803,0.16702973333978677,33.80900550226121,1475.340486277081
2019-01-26 23:00:00,Winter,26.97784,12.650061666666666,0.0002437341256379048,0.2561484271797497,35.25281939100603,1641.2251697340662
2019-01-27 00:00:00,Winter,27.400491666666667,12.584996666666665,0.00019144099200959778,0.26833904218959453,41.777458426787355,1838.3352560896565
2019-01-27 01:00:00,Winter,27.535061666666664,12.501560000000001,0.00015240432290151087,0.252810776384767,43.180256726520994,1805.8940170176988
2019-01-27 02:00:00,Winter,27.626068333333333,12.49597,8.682778685006078e-05,0.1974839904812451,51.61270961517844,2241.3221849365405
2019-01-27 03:00:00,Winter,27.746388333333336,12.381941666666668,5.4910176472725655e-05,0.15888089819836637,62.036451332370284,2741.7187068245566
2019-01-27 04:00:00,Winter,27.82215,12.345104999999998,8.369455489265116e-05,0.09490484014129424,83.33559235248302,3345.563800792167
2019-01-27 05:00:00,Winter,27.898895,12.340418333333334,7.732674617508102e-05,0.1405898835526861,66.26659494768712,2808.775311935901
2019-01-27 06:00:00,Winter,27.879053333333335,12.337521666666667,7.810792636715318e-05,0.2802497360965913,52.134217639685446,2036.3617200370527
2019-01-27 07:00:00,Winter,27.759031666666665,12.332983333333335,5.222642051191804e-05,0.3454938340653807,46.92680143443374,1726.2736455098893
2019-01-27 08:00:00,Winter,27.586006666666666,12.346746666666666,4.1938748004109984e-05,0.29235400825863744,47.476409349179264,1996.4405222097291
2019-01-27 09:00:00,Winter,27.24994333333333,12.379753333333333,3.2784418704675826e-05,0.2492348745372533,47.557165727361436,2145.3307263848574
2019-01-27 10:00:00,Winter,27.1152,12.556646666666667,8.123029533034868e-05,0.17204145946160226,42.98607598348561,2123.7395019540227
2019-01-27 11:00:00,Winter,27.056015000000002,12.860098333333333,0.00024063037019924664,0.13271465271513472,35.50873054452076,1874.7135653905304
2019-01-27 12:00:00,Winter,27.081791666666668,13.030928333333332,0.00025282915491417056,0.2379530537350031,32.73418394962967,1674.2913511799395
2019-01-27 13:00:00,Winter,27.260986666666668,13.174523333333333,0.0002839289450502752,0.25423054901073133,34.84200950553197,1646.8735166382046
2019-01-27 14:00:00,Winter,27.623951666666663,13.228926666666666,0.0002737992421877195,0.21282191460098102,38.66919101611584,1749.3110747305893
2019-01-27 15:00:00,Winter,27.757651666666668,13.230311666666667,0.0002766590268866662,0.16498245906592832,47.3282533707553,2250.073772143821
2019-01-27 16:00:00,Winter,27.792168333333333,13.116545,0.00032190573992259557,0.10189813236308327,76.40288814079787,3296.253576366605
2019-01-27 17:00:00,Winter,27.747548333333334,13.07117,0.0003412808102557176,0.10238020468858662,73.58915564971464,3197.242778720588
2019-01-27 18:00:00,Winter,27.64361166666667,13.022228333333334,0.0002742593324289361,0.20508972161239844,55.18236901230268,2527.181702543238
2019-01-27 19:00:00,Winter,27.56609,13.065168333333332,0.00014113764753921517,0.26219211940182546,50.09664775725562,2349.8107891092
2019-01-27 20:00:00,Winter,27.394638333333333,13.013056666666667,7.859834097018615e-05,0.22537880178678674,48.351090250050525,2325.9575921119826
2019-01-27 21:00:00,Winter,27.284151666666666,13.018226666666667,0.00021372886914894875,0.18716004637813827,43.21288587260459,2074.4663168306847
2019-01-27 22:00:00,Winter,27.244053333333333,13.147491666666667,0.0009019751972131725,0.12242783510486768,42.575007987193395,2137.820211016858
2019-01-27 23:00:00,Winter,27.285295,13.355516666666666,0.0009414644114494539,0.13208410704474616,37.53178966370085,1862.582847029109
2019-01-28 00:00:00,Winter,27.426838333333333,13.2588,0.0006275778384135669,0.23722380169069063,36.58306006787855,1701.5059038530292
2019-01-28 01:00:00,Winter,27.598703333333333,13.089108333333334,0.0004049143092853257,0.24169484045662332,37.83039231615419,1690.9008672673779
2019-01-28 02:00:00,Winter,27.58252,12.943415,0.0002618564717696645,0.2248830755515006,40.535667935905046,1783.4056716924092
2019-01-28 03:00:00,Winter,27.688258333333334,12.823906666666666,0.00023123736512692508,0.18833521661841693,48.91539644270527,2276.8191797811505
2019-01-28 04:00:00,Winter,27.71336833333333,12.727644999999999,0.00021049063240246782,0.12323533231510637,58.86215229886709,2846.7678362531165
2019-01-28 05:00:00,Winter,27.74582666666667,12.651166666666667,0.000203639207777479,0.08397580577233231,71.18133798637463,3256.8478680101134
2019-01-28 06:00:00,Winter,27.838506666666667,12.575141666666667,0.0002439103980294739,0.1553526324392191,58.133538196736055,2690.3756276435906
2019-01-28 07:00:00,Winter,27.79259,12.577544999999999,0.0004977875358011543,0.27910101597353415,50.71167574388121,2167.57695977397
2019-01-28 08:00:00,Winter,27.66485833333333,12.659271666666665,0.0003426706982639359,0.3287105370328393,46.13228984354737,1918.2610389115378
2019-01-28 09:00:00,Winter,27.491395,12.746351666666667,0.00023994195638003048,0.28653401733224426,45.9088608527626,2107.7103262920637
2019-01-28 10:00:00,Winter,27.197855,12.958488333333333,0.00012270910959626233,0.26069571899226596,44.980929668402936,2193.6002068647344
2019-01-28 11:00:00,Winter,27.100450000000002,13.433941666666668,8.129002602000473e-05,0.1740234212389203,38.82936917739179,2022.47986309244
2019-01-28 12:00:00,Winter,26.996906666666668,13.770936666666667,0.00013427112338652625,0.1326136602281896,31.259047560279658,1681.2884647008914
2019-01-28 13:00:00,Winter,27.019503333333333,14.130875,0.0003546050393231242,0.19765220910274514,31.04076589474933,1703.43768594354
2019-01-28 14:00:00,Winter,27.146883333333335,14.360951666666667,0.00033780978412189166,0.25797735703783187,33.42923317704069,1663.4661138503818
2019-01-28 15:00:00,Winter,27.423641666666665,13.9047,0.0010981936505638805,0.22635863616470303,33.90514579509031,1597.8977110644241
2019-01-28 16:00:00,Winter,27.64612,13.621115,0.0029875886768701834,0.1709206514475772,38.68255943295733,1817.4265558583102
2019-01-28 17:00:00,Winter,27.724648333333334,13.408064999999999,0.0019939237648393337,0.12167651006454575,50.55074680987198,2543.7549094145556
2019-01-28 18:00:00,Winter,27.709883333333334,13.314841666666666,0.0024210348033643723,0.08996118230313924,54.7839800427646,2804.823933569912
2019-01-28 19:00:00,Winter,27.66909,13.196869999999999,0.006451780877742274,0.14437648109214166,51.73253175624333,2518.679573889071
2019-01-28 20:00:00,Winter,27.57743,13.177845,0.006210687013419994,0.22665388920698493,49.915383896394694,2379.674711625702
2019-01-28 21:00:00,Winter,27.422598333333333,13.188431666666666,0.004913375766807819,0.2289768752613933,48.73288038832102,2343.0890458749654
2019-01-28 22:00:00,Winter,27.283178333333336,13.254961666666667,0.0023668231747442465,0.19308464768513225,45.29501066800521,2261.304429294234
2019-01-28 23:00:00,Winter,27.235476666666667,13.244285,0.001661581040905126,0.13213657783669452,40.57496157342054,2109.1306040707564
2019-01-29 00:00:00,Winter,27.2722,13.280383333333333,0.001677614328675924,0.11158011673663074,41.806188976531196,2326.6254614666937
2019-01-29 01:00:00,Winter,27.413126666666663,13.292763333333333,0.006033388409929947,0.234890087083647,39.880504709849774,1852.497432529299
2019-01-29 02:00:00,Winter,27.553198333333334,13.175616666666667,0.008854799268186692,0.2563848063951554,41.28098661426257,1896.2949105685277
2019-01-29 03:00:00,Winter,27.570698333333333,13.088478333333335,0.005323089849103988,0.22329982102669815,44.48986257045052,2101.873459557645
2019-01-29 04:00:00,Winter,27.646858333333334,13.004598333333332,0.0013534690638913778,0.18956193298863463,52.04453241502936,2471.0253985798877
2019-01-29 05:00:00,Winter,27.69493333333333,12.958033333333333,0.0005587851997888454,0.1188013649569386,65.22212330784029,2957.1133527799475
2019-01-29 06:00:00,Winter,27.710115,12.911078333333334,0.0011952098942922464,0.08328010723206633,72.10713680190214,3155.794369609149
2019-01-29 07:00:00,Winter,27.704,12.77966,0.003209708749986351,0.1695838480919819,62.68214694402845,2777.771807455597
2019-01-29 08:00:00,Winter,27.582,12.753256666666665,0.0038175650434120662,0.2910648036512555,48.66766740177915,2100.582956666405
2019-01-29 09:00:00,Winter,27.496276666666667,12.905211666666666,0.0028259588191405297,0.3201419979441985,44.943033076517274,1891.2206478278165
2019-01-29 10:00:00,Winter,27.346819999999997,13.031248333333334,0.0013115897958775144,0.2946315901342192,48.67637474636008,2312.6910980030643
2019-01-29 11:00:00,Winter,27.217631666666666,13.380811666666666,0.0004240871382727302,0.24461422781759573,46.29734586745425,2342.1389975935567
2019-01-29 12:00:00,Winter,27.153703333333333,13.842596666666667,0.00034570009021652723,0.18308165850807737,41.74006360395571,2188.4060052980235
2019-01-29 13:00:00,Winter,26.889791666666667,14.39773,0.0010562576708361838,0.1484873044721785,33.50935839144119,1834.6225126995766
2019-01-29 14:00:00,Winter,26.793743333333335,14.874505,0.001967796098547951,0.18509851403269934,35.947439276737136,2045.8275007185491
2019-01-29 16:00:00,Winter,27.350055,14.400298333333334,0.016279374585210577,0.25722541040759,42.30420551292533,2013.631585206967
2019-01-29 17:00:00,Winter,27.509353333333333,13.793731666666668,0.025516515188955872,0.20244207316253116,46.87681821710812,2276.137922610818
2019-01-29 18:00:00,Winter,27.578875,13.486320000000001,0.017995840123488586,0.1673119771608551,49.51491114235741,2317.05797159783
2019-01-29 19:00:00,Winter,27.56937,13.387483333333334,0.01835745847052596,0.10468043794158488,54.17170796795664,2532.4711917577783
2019-01-29 20:00:00,Winter,27.451651666666667,13.204186666666667,0.022950328653924046,0.09942997175069848,51.52699651500996,2403.3560478703143
2019-01-29 21:00:00,Winter,27.309115000000002,13.081256666666667,0.01485809868669542,0.19322321351879418,53.03685149225688,2374.1528167979905
2019-01-29 22:00:00,Winter,27.052275,13.013206666666667,0.007893032246653556,0.23439337435630242,56.19298985929375,2480.881429742951
2019-01-29 23:00:00,Winter,27.212375,13.047636666666667,0.005730888471569498,0.19776007274070395,52.44735392527971,2431.2922418100966
2019-01-30 00:00:00,Winter,27.30039833333333,13.199353333333333,0.0037148976840138664,0.14618474647508642,50.84491181075952,2523.0013029517822
2019-01-30 01:00:00,Winter,27.322976666666666,13.218825,0.0029297602361595997,0.09102370627420808,50.949784018276745,2688.078067248366
2019-01-30 02:00:00,Winter,27.34999,13.198970000000001,0.001855017066643399,0.1644450230275351,46.59565262865144,2361.8294685233677
2019-01-30 03:00:00,Winter,27.384255,13.10082,0.001028241457216581,0.23964584903902658,42.3017712851723,1989.9200708485864
2019-01-30 04:00:00,Winter,27.192838333333334,13.005173333333333,0.0007350173328119774,0.23435872972143615,42.6788922460368,1936.6916537972215
2019-01-30 05:00:00,Winter,27.131449999999997,12.943051666666667,0.0006338334001521836,0.18408454102467112,47.10870852464905,2228.2538641020124
2019-01-30 06:00:00,Winter,27.207455,12.896745000000001,0.0006489992011331799,0.1291924091087831,53.81807262939633,2632.0203179102073
2019-01-30 07:00:00,Winter,27.278343333333332,12.906188333333334,0.005347128481325104,0.08940973712435289,58.38919644819491,2897.2104214505453
2019-01-30 08:00:00,Winter,27.17683333333333,12.874961666666668,0.008137546709980615,0.16076456604074768,51.01326687081773,2548.79571659271
2019-01-30 09:00:00,Winter,26.936108333333333,12.826308333333333,0.009225411792323862,0.28124162423483046,47.56316061713264,2168.840395355951
2019-01-30 10:00:00,Winter,26.894263333333335,12.82692,0.004832347196339877,0.32132540114606745,42.719710673841504,1857.8183948495264
2019-01-30 11:00:00,Winter,27.052793333333334,13.086594999999999,0.001380824546609945,0.2877308538835618,46.36953794323818,2323.1754113956963
2019-01-30 12:00:00,Winter,27.254861666666667,13.652511666666667,0.0008123899169413622,0.2604169479848633,45.48963980785564,2438.6093644157677
2019-01-30 13:00:00,Winter,27.214655,14.20398,0.004973554187775857,0.18179319591785792,41.5540516367465,2321.8191145407686
2019-01-30 14:00:00,Winter,26.89307,14.709293333333333,0.0009195222478563695,0.14107769361006467,37.16493149174294,2142.699454815948
2019-01-30 15:00:00,Winter,26.84050166666667,15.056075,0.00015822894458245742,0.18079244005207182,35.441470395094846,2143.7785726479387
2019-01-30 17:00:00,Winter,27.27345,14.637283333333333,0.00033661374278907817,0.23780738362096593,45.17559451269281,2415.1245290870465
2019-01-30 18:00:00,Winter,27.021886666666667,14.015921666666666,0.00025475328034889783,0.22778114734681237,43.52959544779521,2138.1932010385513
2019-01-30 19:00:00,Winter,26.851871666666668,13.592506666666667,0.0004268201075313766,0.1831002881906228,43.018475002225806,2112.5539388024836
2019-01-30 20:00:00,Winter,26.845215,13.486835000000001,0.0009999847571213537,0.11486351986323676,46.65428220263881,2389.332392297418
2019-01-30 21:00:00,Winter,26.898596666666666,13.454873333333333,0.0023524663666090427,0.08705128178437448,48.7983748162112,2518.196473410197
2019-01-30 22:00:00,Winter,26.871053333333336,13.389396666666666,0.004741692372290013,0.1625977801656854,54.103851210855844,2787.042925397922
2019-01-30 23:00:00,Winter,26.794971666666665,13.296761666666667,0.0036695534454996926,0.24337604817092715,55.628888122504144,2767.4185863905996
2019-01-31 00:00:00,Winter,26.81503,13.322931666666667,0.0032253779824879965,0.23229672538159898,49.385758552835554,2488.313906304949
2019-01-31 01:00:00,Winter,27.004135,13.46032,0.0028968073313144515,0.17530146064703772,43.95815819823047,2324.0274253419248
2019-01-31 02:00:00,Winter,27.028858333333336,13.608081666666667,0.0019085219407447152,0.1088049179198191,45.66591190734323,2652.2682317439603
2019-01-31 03:00:00,Winter,26.968533333333333,13.61988,0.0012947890817261785,0.1549422357437573,42.4859079634035,2475.5754077120914
2019-01-31 04:00:00,Winter,26.88799,13.597691666666666,0.0025746652461289946,0.23263608066726774,37.995430330330564,2154.90518233815
2019-01-31 05:00:00,Winter,26.735891666666664,13.478846666666668,0.0020455697852101943,0.23851497203049435,40.72680739871212,2203.8075280661897
2019-01-31 06:00:00,Winter,26.628809999999998,13.314798333333332,0.0008853784953616161,0.1976930293215752,44.65746683325469,2404.9964795550654
2019-01-31 07:00:00,Winter,26.705761666666668,13.237853333333334,0.001670480123292651,0.14153529235406984,51.1543514683405,2774.729083354858
2019-01-31 08:00:00,Winter,26.722688333333334,13.198916666666666,0.0029082278101338586,0.08551679678154347,58.569522167060306,3162.0459431201725
2019-01-31 09:00:00,Winter,26.672919999999998,13.06086,0.0033864680336872194,0.1685054925853599,52.50686929246821,2818.2323523048713
2019-01-31 10:00:00,Winter,26.487908333333333,13.004443333333334,0.001955469266553311,0.30191648582825004,44.610151641361206,2289.8915687164317
2019-01-31 11:00:00,Winter,26.482293333333335,13.185458333333335,0.0005308285898248173,0.32613926964696827,45.00526213617342,2294.2084007222234
2019-01-31 12:00:00,Winter,26.710151666666665,13.630168333333334,0.0002474815990726009,0.2977710146366149,45.6251587506965,2659.750629120342
2019-01-31 13:00:00,Winter,27.009595,14.270135,0.00023373616426108166,0.2514848547293401,46.16250199777793,2909.724949419096
2019-01-31 14:00:00,Winter,26.952826666666667,14.792498333333333,0.0006801343823582061,0.17830838846792835,40.52532681270592,2689.631632071955
2019-01-31 15:00:00,Winter,26.655708333333333,15.241548333333332,0.00023790443267164452,0.14506549964229246,38.34043802075551,2582.7646948871934
2019-01-31 16:00:00,Winter,26.536601666666666,15.459403333333334,8.601570860389517e-05,0.17213488708904642,43.02284051178387,2770.645680395965
2019-01-31 17:00:00,Winter,26.673418333333334,15.36341,0.0002906838127283146,0.2114190595898581,54.39427660433653,2986.545975394578
2019-01-31 18:00:00,Winter,26.898556666666664,14.975185000000002,0.00012507273117126681,0.24634683576364785,52.75779988655628,3003.6185602472283
2019-01-31 19:00:00,Winter,26.565026666666665,14.292956666666667,0.00015783615471436465,0.23218029530058062,51.12823335798423,2551.7107153220923
2019-01-31 20:00:00,Winter,26.425706666666667,13.679973333333333,0.0001793099190937371,0.18536312809693561,49.828743530937984,2559.4699017573926
2019-01-31 21:00:00,Winter,26.455996666666667,13.496253333333334,0.00019959767574362344,0.11892240832075582,53.10901824415833,2759.788820784468
2019-01-31 22:00:00,Winter,26.48604,13.402831666666666,0.0001302914028668471,0.10641654545225154,61.414327750523704,3173.4703803619564
2019-01-31 23:00:00,Winter,26.520368333333334,13.299603333333332,8.905478202964414e-05,0.21597767500664777,58.365243510860566,2975.9539655571975
2019-02-01 00:00:00,Winter,26.37897,13.347521666666667,9.886238212956928e-05,0.2617918784271985,54.28344433905217,2788.27415469995
2019-02-01 01:00:00,Winter,26.562711666666665,13.451963333333333,6.274255097716254e-05,0.22934897626505557,48.82475558699984,2613.4911013812352
2019-02-01 02:00:00,Winter,26.872378333333334,13.710538333333334,3.756987595292081e-05,0.18271395011405095,45.34191945512745,2648.0730807719783
2019-02-01 03:00:00,Winter,26.91383,13.874396666666666,5.397030909604985e-05,0.10569953613368144,44.27243732999688,2805.028684170056
2019-02-01 04:00:00,Winter,26.841161666666668,13.896995,0.00015606555063712952,0.16797786202184675,45.25190248019029,2683.244404703219
2019-02-01 05:00:00,Winter,26.65131166666667,13.764883333333334,0.00039149994497757895,0.23431619361959805,46.620438057341204,2537.206294078739
2019-02-01 06:00:00,Winter,26.46355,13.469151666666667,0.0008194848361372071,0.21947858822898017,47.60599837491025,2480.6557723208107
2019-02-01 07:00:00,Winter,26.39487,13.226158333333332,0.0007382465681891466,0.18834402080942492,50.40885173986015,2624.453012330595
2019-02-01 08:00:00,Winter,26.482975,13.121696666666667,0.0008627211068022582,0.1127253794675767,56.46468120609831,3024.7957024880375
2019-02-01 09:00:00,Winter,26.48792166666667,13.083641666666667,0.0012260003141090765,0.09725866217979474,55.16225590510923,2935.4679663513393
2019-02-01 10:00:00,Winter,26.392221666666668,13.027621666666667,0.0010138406281597122,0.22892059814179938,48.66022010951487,2427.473714753985
2019-02-01 11:00:00,Winter,26.45047,13.088930000000001,0.0017385676716015152,0.347530292169409,46.60768842441681,2213.5278045289106
2019-02-01 12:00:00,Winter,26.594765,13.34123,0.009936277189186382,0.35163535994690975,45.1064321354244,2212.65829768468
2019-02-01 13:00:00,Winter,26.915084999999998,13.879498333333334,0.01578483168593076,0.33971965980191554,56.71250025726822,2900.1123574158537
2019-02-01 14:00:00,Winter,26.945764999999998,13.857728333333334,0.015696723414500215,0.2704202240974557,63.00753110180743,3133.488274932647
2019-02-01 15:00:00,Winter,26.64049,14.005683333333334,0.011227935542740375,0.1895698688925927,68.20066378316982,3166.8686363815896
2019-02-03 09:00:00,Winter,25.396481666666666,12.594636666666666,0.0008341124259728346,0.1585957749920584,73.53926011205961,3299.0527213534397
2019-02-03 10:00:00,Winter,25.379543333333334,12.602228333333333,0.0010763596128432955,0.094002376107889,76.04172746687078,3408.4660568399227
2019-02-03 11:00:00,Winter,25.298555,12.623628333333333,0.0029233456887422455,0.16617077239116784,58.095598944961345,2599.526828922448
2019-02-03 12:00:00,Winter,25.204551666666667,12.68174,0.0046683725871781,0.30729655954753576,49.84887374647708,2075.2773836735705
2019-02-03 13:00:00,Winter,25.228901666666665,12.751453333333334,0.005419055579441438,0.3472677964000245,47.145648992144686,1955.1390669464085
2019-02-04 00:00:00,Winter,25.20360833333333,12.352181666666667,0.006176169521233378,0.18461810576026533,47.62576976450535,2016.7283556135237
2019-02-04 01:00:00,Winter,25.252961666666668,12.35388,0.00488570007952609,0.3079755686611253,47.31254958714899,2024.0684260516202
2019-04-17 20:00:00,Spring,16.453851666666665,17.596306666666667,0.009311909305156671,0.3356013235917671,108.94375434653766,3596.9799559650587
2019-04-17 21:00:00,Spring,16.642113333333334,17.33222,0.003978263421053502,0.27449066142416073,98.1897977297653,3774.246710160322
2019-04-17 22:00:00,Spring,16.73858,17.077476666666666,0.0017544236722770296,0.20430601932888126,75.44367575975318,3660.6311529384093
2019-04-17 23:00:00,Spring,16.733953333333332,17.024293333333333,0.0013532202032351054,0.11932118332988795,69.44682246226968,3419.950380289402
2019-04-18 00:00:00,Spring,16.729086666666667,17.075073333333332,0.0010891473788435138,0.1898386702889689,67.32898491901011,3256.679469825554
2019-04-18 01:00:00,Spring,16.73437,16.93321,0.0012097130072430385,0.33843462379918027,78.08628771491915,3367.269854317458
2019-04-18 02:00:00,Spring,16.599711666666668,16.976538333333334,0.000719870941556931,0.36245006485431175,73.64709121278916,3195.882102983231
2019-04-18 03:00:00,Spring,16.499051666666666,16.976173333333332,0.0005327024588784196,0.3240303606865613,70.48588199020936,3180.360112809503
2019-04-18 04:00:00,Spring,16.538585,17.029988333333332,0.000557304172842349,0.23691610006040462,93.42216934501461,3699.1156723934523
2019-04-18 08:00:00,Spring,16.680138333333336,16.753423333333334,9.937144987559102e-05,0.2983486723868182,120.63520642186919,3631.470249028981
2019-04-18 09:00:00,Spring,16.778955,16.816076666666667,0.00011795700989997699,0.28980969903895476,85.19786747237455,3367.533562044251
2019-04-18 10:00:00,Spring,16.68907,16.909613333333333,9.232420562388381e-05,0.21760986607279445,77.0726754654083,3259.172408880052
2019-04-18 11:00:00,Spring,16.77688,17.029415,0.0003010691322504484,0.14315848564022454,76.08630958664685,3270.2267402055004
2019-04-18 12:00:00,Spring,16.727548333333335,17.03352333333333,0.00011828143090532875,0.1505626065340057,79.47883471685532,3380.248042691471
2019-04-18 13:00:00,Spring,16.850633333333334,17.393185000000003,0.0001743265988686818,0.29880695653168277,80.06274273702213,3333.1795160383385
2019-04-18 14:00:00,Spring,16.580183333333334,17.849348333333335,7.150066912394045e-05,0.37913053366838134,77.73097956235465,3129.1858612543438
2019-04-18 15:00:00,Spring,16.410528333333335,18.19718,8.11686701925026e-05,0.3186464163290908,80.44282181199796,3314.3108769737178
2019-04-18 16:00:00,Spring,16.45559,18.921718333333335,0.0001353923946371285,0.23686795251342513,82.81080784459134,3607.3223755642393
2019-04-18 17:00:00,Spring,16.597855,19.409375,0.00039604712156072797,0.17391531129830048,90.04758408887051,3670.587206254396
2019-04-18 18:00:00,Spring,16.84613,19.81827,0.0003153902950096313,0.2139772867954998,84.65452109997085,3375.0805318381654
2019-04-18 19:00:00,Spring,16.764051666666667,20.01718,0.0003791514196276451,0.3064056017660822,100.51987668432722,3437.8549210563656
2019-04-18 20:00:00,Spring,16.526251666666667,18.98243,0.0003453422137719146,0.3268681996712778,111.4443680885391,3561.7198106024707
2019-04-18 21:00:00,Spring,16.597523333333335,18.350301666666667,0.00020796217297349096,0.30116678278360093,94.52641692546051,3463.236315299651
2019-04-18 22:00:00,Spring,16.688546666666667,18.094643333333334,0.00011090288927192443,0.24900793044405609,83.61967951660533,3307.070892320496
2019-04-18 23:00:00,Spring,16.721619999999998,17.92552,6.720484071782057e-05,0.14873205226708167,77.91204238845714,3260.3910021323336
2019-04-19 00:00:00,Spring,16.739165,17.771203333333336,3.819178280347734e-05,0.10614022892999686,79.25448915657351,3330.648703171888
2019-04-19 01:00:00,Spring,16.735745,17.657625,3.474745203716235e-05,0.26050881267052556,84.62660990330849,3410.188868272765
2019-04-19 02:00:00,Spring,16.870135,17.514484999999997,4.553442547304743e-05,0.4066927042751501,93.93878677156171,3385.2747063866177
2019-04-19 03:00:00,Spring,16.76664166666667,17.83336166666667,4.0555315807424835e-05,0.38062542242880065,87.07565803418707,3202.388138823929
2019-04-19 04:00:00,Spring,16.436213333333335,18.070168333333335,3.221797681812464e-05,0.3125751396988702,99.05278816253907,3491.186232147049
2019-04-19 05:00:00,Spring,16.512848333333334,18.213383333333333,5.557700677975267e-05,0.21829599315554,106.36954117652144,3616.5386144589147
2019-04-19 09:00:00,Spring,16.599405,18.39171,3.914926634174023e-05,0.3030912871413233,100.05085464931938,3540.052699376058
2019-04-19 10:00:00,Spring,16.840881666666668,17.97871,3.315776026584672e-05,0.30402939216266944,86.35284112689881,3372.9590036442914
2019-04-19 11:00:00,Spring,16.890898333333332,17.82566166666667,6.62005179877625e-05,0.2272249481488692,86.57138305560044,3367.55605810265
2019-04-19 12:00:00,Spring,16.797818333333332,17.796015,5.4900856615793394e-05,0.14750236697506597,91.6270049081011,3465.8913297023337
2019-04-19 13:00:00,Spring,16.882041666666666,17.815835,6.160205480440773e-05,0.1436267207501975,94.76073907233199,3517.7487931879177
2019-04-19 14:00:00,Spring,16.944206666666666,18.018578333333334,0.00044160395564764657,0.2834361163125054,101.05497907058597,3533.090347777387
2019-04-19 15:00:00,Spring,16.79815,18.305323333333334,0.001561751630536892,0.34137368267195256,102.16071761204708,3377.8070345101155
2019-04-19 16:00:00,Spring,16.693026666666665,18.757323333333332,0.003779813857554037,0.2439342155352763,106.54051806393045,3526.1108045984706
2019-04-19 17:00:00,Spring,16.60911666666667,19.223748333333333,0.004283990957542092,0.18693483863933114,118.76472400465754,3558.5542001801273
2019-04-19 22:00:00,Spring,16.827161666666665,18.275531666666666,0.0004809068403529294,0.30638918358476025,126.9695759751868,3336.339660950513
2019-04-19 23:00:00,Spring,16.700625,18.123828333333332,0.00023884544131855376,0.22250031155189043,119.87846196482981,3759.870624485999
2019-04-20 00:00:00,Spring,16.678146666666667,18.012055,9.661186594829728e-05,0.110827327062576,101.7192401626896,3904.34035634176
2019-04-20 01:00:00,Spring,16.684011666666667,17.749963333333334,0.00022083674118516053,0.13909143074690106,98.7677216135007,3750.998027154054
2019-04-20 02:00:00,Spring,16.784153333333332,17.515468333333335,0.00036325800320593864,0.31287603412831433,112.4747564394334,3509.789630106399
2019-04-20 03:00:00,Spring,16.845241666666666,17.415068333333334,0.0005698042406826537,0.40654299483521106,127.61757895143015,3242.897921330086
2019-04-20 04:00:00,Spring,16.75634,17.642391666666665,0.0003783136366829761,0.369619840160931,124.78187966343995,3327.2797696658486
2019-04-21 02:00:00,Spring,17.304028333333335,16.539401666666667,0.00032754774796719185,0.24995164206041776,100.1694484880148,4112.730414752101
2019-04-21 03:00:00,Spring,17.005806666666665,16.41841833333333,0.00019440701680937232,0.4137381475217022,117.40757467278476,3784.8059155531027
2019-04-21 04:00:00,Spring,16.99316,16.280456666666666,0.00010220843520735749,0.3904242765385265,123.03555149808427,3655.286631974711
2019-04-21 09:00:00,Spring,17.165743333333335,15.511471666666667,0.0001265059814743085,0.24621673353165296,116.43788201145459,3840.4605965681985
2019-04-21 12:00:00,Spring,16.968981666666668,17.045823333333335,3.105659157729197e-05,0.25961160886033785,113.84714483558469,3712.5147414568064
2019-04-21 13:00:00,Spring,16.9918,17.173226666666668,0.00034697756270497435,0.2283108680639922,110.89663097682619,3497.3001170101334
2019-04-22 01:00:00,Spring,17.204598333333333,16.842148333333334,0.00027093985447067747,0.10383115775291674,79.15707244019177,4128.70474891856
2019-04-22 02:00:00,Spring,17.359486666666665,16.744055,0.00015379588296969717,0.13040830785234586,84.44467119670122,4055.851351151416
2019-04-22 03:00:00,Spring,17.285203333333335,16.642735000000002,0.0003396318824312185,0.29369260286413645,103.70636453138718,3648.7230308384355
2019-04-22 04:00:00,Spring,17.127483333333334,16.781188333333333,0.0003123601497524221,0.389396851395184,120.53619960428145,3337.0652428789854
2019-04-22 05:00:00,Spring,16.970075,16.67555,0.00021695756584199497,0.367251355039645,132.47297434614276,3344.470729583676
2019-04-22 06:00:00,Spring,16.75963666666667,16.335541666666664,0.00017181918113921444,0.31488254937181415,129.72923490279993,3269.7496324482368
2019-04-22 10:00:00,Spring,16.973213333333334,16.93081,0.0014235928268939025,0.24378714032290066,68.71907859256282,3297.6115908599277
2019-04-22 11:00:00,Spring,16.93667,17.16256333333333,0.00022926984916670968,0.27403022599172744,80.40920381779246,3593.4943992857493
2019-04-22 12:00:00,Spring,17.019666666666666,17.537916666666668,3.086403047497794e-05,0.28711726542566984,95.65686679190061,3834.4673704388056
2019-04-22 13:00:00,Spring,17.013401666666667,17.846695,3.7192494224926066e-05,0.23542227693624626,106.5748182904912,3482.741520523245
2019-04-22 14:00:00,Spring,17.050683333333335,18.085581666666666,4.689507520696595e-05,0.18315810388130002,113.80774302958055,3525.5056858640396
2019-04-22 15:00:00,Spring,17.07059333333333,18.325960000000002,0.0008984273907422559,0.127127603386395,114.96477317550074,3346.576046937978
2019-04-22 16:00:00,Spring,17.059301666666666,18.400053333333336,0.001201300178024783,0.2070942080023483,130.67805763554338,3384.311635280584
2019-04-22 17:00:00,Spring,16.61958,18.480916666666666,0.0015605153756965344,0.2607392692515992,132.682502046632,3384.7294875029033
2019-04-22 19:00:00,Spring,16.701346666666666,18.44375,0.0016137510847682238,0.17241954865578715,133.01767116345874,3239.763719395769
2019-04-22 20:00:00,Spring,16.782605,18.311265,0.001128935989538199,0.09803993339506901,137.7895499707136,3166.567990861173
2019-04-22 21:00:00,Spring,16.873974999999998,18.15959666666667,0.0006228494832964582,0.2077775350444378,146.40810759163512,3059.1828548193475
2019-04-22 22:00:00,Spring,16.771055,18.127456666666667,0.0002962602020845632,0.30633989053578015,147.81571471519095,3236.063462346265
2019-04-22 23:00:00,Spring,16.61864166666667,18.12461,0.00011559914467689518,0.3021920806021905,142.03436574854942,3612.642422794588
2019-04-23 00:00:00,Spring,16.737775,18.062788333333334,4.183074987331941e-05,0.23367550429694753,135.22846785501665,3754.5982681601204
2019-04-23 01:00:00,Spring,17.004723333333335,17.89256,2.2693256513365214e-05,0.1497033779317744,130.30251701927216,3711.3272215394513
2019-04-23 02:00:00,Spring,17.127805000000002,17.78275,1.37851140098473e-05,0.09276250380234148,128.48281063355333,3646.586276521048
2019-04-23 03:00:00,Spring,17.13370666666667,17.817031666666665,2.0915145014295967e-05,0.16905183813524113,146.63339544916298,3559.8684049811695
2019-04-23 07:00:00,Spring,16.715836666666668,17.611114999999998,1.5287639859455135e-05,0.25903143787269073,122.84832966954501,3624.952702151419
2019-04-23 09:00:00,Spring,16.96021,18.947375,9.729015912462965e-05,0.17156228230326104,65.1713523976184,3741.8863383619805
2019-04-23 10:00:00,Spring,17.06586,19.71661,0.021439472487429254,0.20607123857631246,78.4376462859018,3937.2060762804217
2019-04-23 11:00:00,Spring,16.965944999999998,20.020950000000003,0.0036877529443334845,0.2219623125268976,100.88268198840235,4147.405521139331
2019-04-23 12:00:00,Spring,16.804461666666665,19.774971666666666,0.00010119300782419833,0.26273853368494793,105.81330271977366,4106.305133532899
2019-04-23 13:00:00,Spring,16.848538333333334,19.278925,2.3686345701302386e-05,0.24520114581249836,130.67888966062284,3730.7624509393504
2019-04-23 14:00:00,Spring,16.943505000000002,19.313638333333333,1.5641980793031665e-05,0.18959239050542248,138.4014936810107,3556.631438835419
2019-04-23 15:00:00,Spring,17.02587,19.243893333333332,2.1776209565560295e-05,0.1692783482700233,135.4640206462525,3399.3975207590897
2019-04-23 16:00:00,Spring,17.151515,19.305259999999997,4.445464651926878e-05,0.1385084123646403,129.78994498874965,3328.515152408384
2019-04-23 17:00:00,Spring,17.260406666666665,19.241845,9.61696519893292e-05,0.19906393530922625,128.8694207802641,3384.206405812062
2019-04-23 18:00:00,Spring,17.004276666666666,19.323919999999998,0.00018140997164574484,0.27894668521030436,125.5853461867321,3481.953181607171
2019-04-23 19:00:00,Spring,16.914278333333336,19.385608333333334,0.00018372931376258174,0.26369127522020747,124.0259163012494,3493.296531899689
2019-04-23 20:00:00,Spring,16.965435,19.637823333333333,0.0001283150853011244,0.17941465599055656,119.01636149255056,3417.4793178319806
2019-04-23 21:00:00,Spring,16.86357,19.73111833333333,0.00010489548074800025,0.0975115339173108,125.38532648332034,3423.5106540925945
2019-04-23 22:00:00,Spring,16.967451666666665,19.696971666666666,0.00010226336170816375,0.20298937106821788,129.27511071901344,3396.6678710518995
2019-04-23 23:00:00,Spring,17.153891666666667,19.619685,7.593608896807444e-05,0.27134905815038995,99.36426602319398,3222.562830169191
2019-04-24 00:00:00,Spring,17.00482166666667,19.394965000000003,4.595964765518928e-05,0.24153196128465476,97.75848273481022,3164.356926636899
2019-04-24 01:00:00,Spring,16.968295,19.126473333333333,2.14808970262272e-05,0.18668574821623046,102.49213905270365,3241.5848989551714
2019-04-24 02:00:00,Spring,17.055015,18.97374166666667,1.327530292764249e-05,0.12773625715080986,105.38224439337225,3329.9509587331945
2019-04-24 03:00:00,Spring,17.061948333333333,18.804336666666664,1.0464466903103404e-05,0.09906745037987749,106.63551074461928,3213.529938573813
2019-04-24 05:00:00,Spring,17.014758333333333,18.653545,1.621096053705289e-05,0.29276068023814933,98.07451394651106,3039.430792038851
2019-04-24 06:00:00,Spring,16.958726666666667,18.733043333333335,3.687124847647402e-05,0.2978381908418292,100.17551557761118,3069.0558329120386
2019-04-24 07:00:00,Spring,16.912666666666667,19.054261666666665,0.00011588107817187346,0.2655740987593715,108.72891531679218,3257.2914990537815
2019-04-24 08:00:00,Spring,16.8215,19.44304833333333,0.00013674269909866706,0.2151959588313527,100.11354684371162,3380.7674802045544
2019-04-24 09:00:00,Spring,16.753035,20.453445,0.00010224743070250133,0.15388205406453992,84.57989967998385,3760.087134176164
2019-04-24 10:00:00,Spring,16.844366666666666,22.274343333333334,0.0001322601513687201,0.1727039913261073,89.84857307480482,4144.293015035115
2019-04-24 11:00:00,Spring,16.942886666666666,22.677251666666667,8.149400237161704e-05,0.21192062276974447,108.89598227097488,4283.910362568188
2019-04-24 12:00:00,Spring,16.82969,22.88117833333333,6.723591057296795e-05,0.22559102760022015,131.37111832434042,4232.096056464356
2019-04-24 13:00:00,Spring,17.011998333333334,21.95703,8.165151320355163e-05,0.24022232613266806,148.04234525922357,3841.453728185607
2019-04-24 14:00:00,Spring,16.91616,21.023826666666665,9.646045897333907e-05,0.2366697643605141,152.6428519530524,3134.8430517435195
2019-04-24 15:00:00,Spring,16.90204166666667,20.635385,0.00016659848201904532,0.19917882760833958,145.51030097022334,3124.538391133872
2019-04-24 16:00:00,Spring,17.007643333333334,20.571185,0.0004405901457675367,0.171547831090898,138.76548447795506,3076.0333902028315
2019-04-24 17:00:00,Spring,17.082861666666666,20.428555,0.001102230193940347,0.11469164737297818,141.3750467377289,3108.492593214489
2019-04-24 18:00:00,Spring,17.123713333333335,20.114296666666668,0.0011407580622565558,0.12824285954472756,146.99163586403623,3117.799067880435
2019-04-24 19:00:00,Spring,17.365556666666667,19.933866666666667,0.0011692724389742593,0.1593819982737715,150.60365430704923,3009.2150099432406
2019-04-24 20:00:00,Spring,17.408408333333334,19.923606666666668,0.0011328561090698916,0.1625452584111858,152.91522967127815,2855.7685691378415
2019-04-24 21:00:00,Spring,17.264598333333332,20.059281666666667,0.0008216553066913912,0.11667104953548675,154.43804992686344,2772.6518746655756
2019-04-24 22:00:00,Spring,17.145321666666668,20.159969999999998,0.0008133639548780689,0.11370526835574753,155.59871841882205,2716.604031590058
2019-04-24 23:00:00,Spring,17.11783,20.055128333333336,0.0006898246416184285,0.21119814839371615,151.6807871708781,2915.79262548222
2019-04-25 00:00:00,Spring,17.193463333333334,19.993458333333333,0.0004064035402730744,0.24920102782174477,155.6505450734561,3016.0986952034013
2019-04-25 01:00:00,Spring,17.122580000000003,19.869446666666665,0.0002923688990106934,0.23868527148995122,158.52424786192466,2884.5018553237037
2019-04-25 02:00:00,Spring,17.151855,19.665335000000002,0.000219248356416854,0.18353932855717764,159.63173453027582,2889.776158938643
2019-04-25 03:00:00,Spring,17.16623666666667,19.504028333333334,0.00020226713305936884,0.13762037561458854,157.82063978903108,2899.257559552011
2019-04-25 04:00:00,Spring,17.18035666666667,19.345926666666667,0.0001071919656934295,0.0934634956272988,156.26834333836695,2949.8450230491526
2019-04-25 05:00:00,Spring,17.22903833333333,19.187783333333336,8.061289071387782e-05,0.14594496983753494,157.31048449289736,3047.9415330609095
2019-04-25 06:00:00,Spring,17.23514833333333,18.881621666666668,0.0001354926014632023,0.22621632572757458,155.43999664230054,3052.031358502772
2019-04-25 07:00:00,Spring,17.209096666666667,18.844865000000002,0.000160580947613269,0.2517953032316831,155.53837841668334,3108.6499569609255
2019-04-25 08:00:00,Spring,17.245929999999998,19.217845,0.00016373722212277805,0.22130170053881887,161.30791783169255,3095.987386033792
2019-04-25 09:00:00,Spring,16.976245,19.740663333333334,0.0001297819202876327,0.167262302947995,166.25215611368913,3359.186984305581
2019-04-25 10:00:00,Spring,17.004218333333334,20.488748333333334,0.00011387281512517113,0.1333694560078647,138.61037170264606,4212.591303051102
2019-04-25 11:00:00,Spring,16.915568333333333,21.529705,0.0001845252698714409,0.19060618334319665,110.84911223701033,4221.886958716266
2019-04-25 12:00:00,Spring,16.81753833333333,22.17077,0.000248240729378796,0.22139438029493935,71.83185614167827,3583.2498509668335
2019-04-25 13:00:00,Spring,16.942361666666667,21.855755,0.00028008212053336646,0.2132266075047195,79.91392325779549,3655.5556025536766
2019-04-25 14:00:00,Spring,17.051075,21.421711666666667,0.00031769371245387283,0.23813361978729158,112.60602704948234,3592.5550219511656
2019-04-25 15:00:00,Spring,17.092409999999997,21.14579666666667,0.0004327835284400202,0.23338902015149193,123.85040424127561,3269.8972956807743
2019-04-25 16:00:00,Spring,17.170545,20.863218333333336,0.0004286983948539447,0.1957769133986255,133.32337116581905,3104.7658635431703
2019-04-25 17:00:00,Spring,17.214895000000002,20.73154333333333,0.0007552192971962029,0.15067737736804604,140.25364431219072,2889.1512020136656
2019-04-25 18:00:00,Spring,17.242168333333332,20.570356666666665,0.001148668530596037,0.11098505085533646,142.5860310793385,2799.2559260012836
2019-04-25 19:00:00,Spring,17.301943333333334,20.40394,0.0013520080356887682,0.10395649433142702,141.95390013546796,2720.4006356931345
2019-04-25 20:00:00,Spring,17.312993333333335,20.188038333333335,0.0012934923386223411,0.11984078672851121,139.53986031205025,2711.214061935857
2019-04-25 21:00:00,Spring,17.340081666666666,20.035183333333332,0.0009164367385054922,0.12170783079919449,141.3560545500703,2717.602152052267
2019-04-25 22:00:00,Spring,17.383860000000002,19.99148166666667,0.0008105372452207032,0.09968140491345753,147.56548530804767,2586.503929934176
2019-04-25 23:00:00,Spring,17.321538333333333,19.91908,0.0006406196165284973,0.0969217575004419,151.6084290291473,2600.958101027144
2019-04-26 00:00:00,Spring,17.28927666666667,19.924803333333333,0.00047468619668327415,0.16702336086963954,153.47923498036246,2706.8323101994024
2019-04-26 01:00:00,Spring,17.252644999999998,19.806176666666666,0.00022834237219460253,0.22284659223456083,157.79614195157552,2871.9385653189374
2019-04-26 02:00:00,Spring,17.180278333333334,19.699928333333332,0.00010550334505563246,0.21415325467141638,161.28302058912823,2973.204752587534
2019-04-26 03:00:00,Spring,17.205550000000002,19.584529999999997,7.743752202792028e-05,0.17861661835855516,165.1210309775478,2891.5399182705796
2019-04-26 04:00:00,Spring,17.41116333333333,19.414458333333336,4.618445880592462e-05,0.11972650277686137,166.88234007435204,2756.5157676415743
2019-04-26 05:00:00,Spring,17.901328333333332,19.338675000000002,1.8393875484655896e-05,0.0900328339867565,166.319855074489,2652.90283627915
2019-04-26 06:00:00,Spring,18.006751666666666,19.316593333333334,7.99964810868349e-06,0.14466677253860954,169.55073570838715,2477.8955641096245
2019-04-26 07:00:00,Spring,17.81019,19.33571,8.387604668096058e-05,0.2460535574181996,165.48941031562862,2671.8549852299266
2019-04-26 08:00:00,Spring,17.424238333333335,19.397488333333335,0.00011914883019009892,0.2510430912388504,154.20154377623683,3177.42051504181
2019-04-26 09:00:00,Spring,17.263818333333333,19.556826666666666,8.479867186015572e-05,0.21039459880421782,135.3023747195846,3359.4462383286395
2019-04-26 10:00:00,Spring,17.1434,20.084506666666666,0.00011416906408732118,0.15354403955553486,142.89099615172555,3937.8069188429304
2019-04-26 11:00:00,Spring,17.094254999999997,21.02867666666667,0.00012663244329522638,0.11786875354943678,137.6783576023477,4050.4459237264123
2019-04-26 12:00:00,Spring,17.041705,21.751205000000002,9.729900727991245e-05,0.18381211237293432,132.91262839354053,4105.846978987117
2019-04-26 13:00:00,Spring,17.011263333333332,22.239435,0.00011543395217734297,0.1931314338780255,132.30432815722847,4095.557741561189
2019-04-26 14:00:00,Spring,17.00542666666667,22.23774,0.00013153843577156876,0.22362701349139297,133.01487206791228,4031.4656935832236
2019-04-26 15:00:00,Spring,17.104403333333334,21.940081666666668,0.00020093543832065572,0.21897721804094505,131.24267011599076,3766.9604085486144
2019-04-26 16:00:00,Spring,17.29263166666667,21.60651,0.0004691421816220016,0.2414434252420789,109.41828108645271,3377.9942625096096
2019-04-26 17:00:00,Spring,17.433695,21.282935000000002,0.0006060951576870826,0.17153709677018822,125.44116209933479,3224.524591362787
2019-04-26 18:00:00,Spring,17.56227,21.016433333333335,0.000422233844262574,0.1194192143074014,138.16721001705142,3111.4935533455728
2019-04-26 19:00:00,Spring,17.626765,20.814033333333334,0.0004869009459282348,0.09022096973145335,140.38713085189258,3019.546577714148
2019-04-26 20:00:00,Spring,17.739503333333335,20.643044999999997,0.00041780216045629695,0.14065222888580736,145.95144280087015,2894.8993210771655
2019-04-26 21:00:00,Spring,17.629095,20.461428333333334,0.00029181316807648365,0.1896571855643897,151.60501048481896,2789.714035281005
2019-04-26 22:00:00,Spring,17.464878333333335,20.42596,0.00024431720913875864,0.1802789348882227,156.53170535043935,2660.3909706502686
2019-04-26 23:00:00,Spring,17.403396666666666,20.565831666666668,0.00019017126122685557,0.13079716252929305,158.38340778311795,2713.686037274107
2019-04-30 00:00:00,Spring,17.795171666666665,19.36802833333333,8.12174752288598e-05,0.275821831039083,78.28925985083522,2790.5371076046504
2019-04-30 01:00:00,Spring,17.65767333333333,19.407728333333335,5.560292705995532e-05,0.2519669532084231,84.84083810446822,2977.0056540131764
2019-04-30 02:00:00,Spring,17.611725,19.60164,2.8724900120230035e-05,0.1876318871901534,84.33491056509251,3399.08934352272
2019-04-30 03:00:00,Spring,17.609853333333334,19.918781666666668,3.197098131164334e-05,0.1062828241446024,61.83193340498612,3296.514573343074
2019-04-30 04:00:00,Spring,17.547646666666665,19.84686333333333,3.763750467995679e-05,0.1678134088370952,72.44661486168111,3274.7618522211933
2019-04-30 05:00:00,Spring,17.530361666666668,19.75191166666667,2.7561399612099852e-05,0.2342062923670043,71.18777505161,3417.332076853773
2019-04-30 06:00:00,Spring,17.584613333333333,19.469886666666664,3.39307219414946e-05,0.22860247557884955,71.90553768187701,3524.4839404325253
2019-04-30 07:00:00,Spring,17.598755,19.271315,4.766219107982243e-05,0.19913347560337624,87.8068437676398,3897.23258128154
2019-04-30 08:00:00,Spring,17.566483333333334,19.124689999999998,4.053212907679864e-05,0.15685634906689655,121.76343567532216,4481.725854728515
2019-04-30 09:00:00,Spring,17.533031666666666,19.09843,4.113299680708461e-05,0.1090181256568052,132.90837735344357,4279.4468501062975
2019-04-30 10:00:00,Spring,17.54540666666667,19.21753,3.386767987485071e-05,0.11799817788724394,127.86177713706279,3718.8720734095546
2019-04-30 11:00:00,Spring,17.643805,19.32021166666667,3.119480804897351e-05,0.2133488867362657,128.05086347760854,3491.0457387557344
2019-04-30 12:00:00,Spring,17.73637,19.36733,4.0485454700979976e-05,0.24689345926241835,123.18200069985642,3268.166183106952
2019-04-30 13:00:00,Spring,17.697765,19.643161666666668,5.277717494037597e-05,0.21045345072518407,116.18429891659756,3495.669348931624
2019-04-30 14:00:00,Spring,17.632285000000003,20.163954999999998,7.586133434964438e-05,0.1489591694604708,91.81916042862761,3331.0058259153893
2019-04-30 15:00:00,Spring,17.448003333333336,20.622433333333333,7.336112336962724e-05,0.16473691873257879,70.39977835336028,3009.8141211982106
2019-04-30 21:00:00,Spring,17.562145,20.038925,5.050185912222069e-05,0.11905211768688614,119.67278719661623,3503.7816574268127
2019-04-30 22:00:00,Spring,17.49106833333333,19.93901333333333,3.453451804046487e-05,0.10131610000029004,118.86915279375286,3873.4831565311706
2019-04-30 23:00:00,Spring,17.46846,19.712978333333336,2.0728750172802707e-05,0.2080036520513951,109.75861173462614,3860.813765234592
2019-05-01 00:00:00,Spring,17.758523333333336,19.44102333333333,1.4919193608057386e-05,0.30540919152493473,117.52736472802793,3271.335702673388
2019-05-01 01:00:00,Spring,17.755586666666666,19.50709,8.133030676652745e-06,0.32112502628075335,127.69024525360477,3333.818167194264
2019-05-01 02:00:00,Spring,17.69472,19.449198333333335,7.031177470507129e-06,0.2508999928700344,131.7559794855894,3480.021927948177
2019-05-01 03:00:00,Spring,17.524721666666668,19.483498333333333,5.861929881143031e-06,0.15431967325735418,84.36943969659988,3505.052353541019
2019-05-01 04:00:00,Spring,17.46540666666667,19.407285,6.4418558121485885e-06,0.11641648318653783,83.68650670205838,3637.8461271901683
2019-05-01 05:00:00,Spring,17.496056666666668,18.973119999999998,1.1608559974315366e-05,0.2201427605055712,86.76998869642753,3705.030942661665
2019-05-01 06:00:00,Spring,17.493263333333335,18.89102666666667,1.0334727629573943e-05,0.24838865356454826,85.35499886811634,3663.6829545193473
2019-05-01 07:00:00,Spring,17.479918333333334,19.14167666666667,1.1989663673956515e-05,0.23340687094195692,105.53870479555336,3906.5063931533887
2019-05-01 08:00:00,Spring,17.541853333333332,19.181913333333334,1.3445342820217832e-05,0.18644136596715083,126.69358558178995,4003.6533334734245
2019-05-01 09:00:00,Spring,17.675276666666665,19.132270000000002,2.2011630341852008e-05,0.1271047030612609,147.1155283612611,3784.6830094027346
2019-05-01 10:00:00,Spring,17.801595000000002,19.160023333333335,1.517678889588527e-05,0.1153253279482912,160.94445683324946,3430.5235286924226
2019-05-01 11:00:00,Spring,17.970441666666666,19.135101666666667,5.539116497671837e-06,0.2146678423721457,121.48106821821486,3470.3251130648227
2019-05-01 12:00:00,Spring,18.264958333333333,19.471051666666664,4.379746001601653e-06,0.3118990491631414,131.48793770973418,3397.0139478122564
2019-05-01 13:00:00,Spring,18.019181666666668,19.830713333333332,4.05596293460713e-06,0.29972529371021295,136.27397917102138,3176.8667054497887
2019-05-01 14:00:00,Spring,17.761355,20.280033333333332,1.5258881157292926e-05,0.21111587763630085,113.98076441361965,3539.4237751600263
2019-05-01 15:00:00,Spring,17.639619999999997,20.808305,2.4300104251299912e-05,0.14158994191135657,101.7377163374253,3561.8150442746955
2019-05-01 16:00:00,Spring,17.565175,21.063593333333333,6.984272318468271e-05,0.21087560720925555,81.92457162097423,3104.7613670514293
2019-05-01 21:00:00,Spring,17.809405,19.992568333333335,5.657306461554111e-05,0.1631532118212075,128.50779951016153,3103.988215596757
2019-05-01 22:00:00,Spring,17.78486666666667,19.774753333333333,3.225187452491365e-05,0.10384020533380696,144.86567720783412,3440.125601670104
2019-05-01 23:00:00,Spring,18.097841666666667,19.466168333333332,1.2335066981017215e-05,0.1643435588815596,151.5810411275735,3175.5123297981795
2019-05-02 00:00:00,Spring,18.54366333333333,19.13282333333333,7.336635585268546e-06,0.27146832650767555,148.73883104866303,3019.8916518298165
2019-05-02 01:00:00,Spring,18.533433333333335,19.17495166666667,1.0038143303775806e-05,0.3134332369843431,147.60099617702733,2969.8117891031065
2019-05-02 02:00:00,Spring,18.455423333333332,19.35901833333333,8.955194323425117e-06,0.27248947268550194,146.79575048820703,3003.0187657512574
2019-05-02 03:00:00,Spring,18.071433333333335,19.642181666666666,1.0175344716380015e-05,0.2086700613698699,131.01403446848468,3564.411168107018
2019-05-02 04:00:00,Spring,17.722458333333336,19.603933333333334,1.2384484591812734e-05,0.13990989222310285,118.70610075744229,3691.123948032403
2019-05-02 05:00:00,Spring,17.559975,19.229953333333334,1.632849421858917e-05,0.1506159432475856,95.46337591555408,3573.485607313331
2019-05-02 06:00:00,Spring,17.539435,18.91561,1.212524820371217e-05,0.24434029075851718,88.93834070112514,3516.7533060775436
2019-05-02 07:00:00,Spring,17.652935,19.100731666666665,9.158393267526098e-06,0.24933819719915945,114.3772677251916,3760.6074635627065
2019-05-02 08:00:00,Spring,18.203584999999997,19.29806166666667,8.675958301010752e-06,0.2537064483852608,124.25730222017984,3822.143322096245
2019-05-02 09:00:00,Spring,18.394928333333333,19.235005,1.2774831141869047e-05,0.19503818025739356,134.94359567655022,3851.1472172733725
2019-05-02 10:00:00,Spring,18.466144999999997,19.148095,1.0433106294023984e-05,0.13552382503767624,137.89248876682885,3765.4137678258753
2019-05-02 11:00:00,Spring,18.60212166666667,18.984675,7.213510176635744e-06,0.12646627109995334,136.01184790857712,3763.215375972034
2019-05-02 12:00:00,Spring,18.893703333333335,19.157213333333335,3.0428756830577627e-06,0.2124738195401366,133.81406029507647,3685.2398021231706
2019-05-02 13:00:00,Spring,19.000980000000002,19.530313333333332,6.235788158287688e-06,0.28393553776097014,146.6360639782389,3331.207439686762
2019-05-02 14:00:00,Spring,18.666846666666668,19.906878333333335,2.373108481651119e-05,0.24903143178474468,149.63639700116983,3017.0749421645887
2019-05-02 15:00:00,Spring,18.330893333333332,20.499311666666664,3.400485785638402e-05,0.1797741809477133,120.5053686200336,3348.6309160864216
2019-05-02 16:00:00,Spring,18.0849,20.892013333333335,5.4351354431091974e-05,0.14596835143193992,94.70054178821167,3336.8037301833056
2019-05-02 21:00:00,Spring,18.439141666666668,19.752908333333334,6.008561077402027e-05,0.2341485789321768,120.69448608518488,3081.3522943447624
2019-05-02 22:00:00,Spring,18.099446666666665,19.477063333333334,4.4519826891349404e-05,0.16792387757568153,141.54857139142868,3006.5568728904927
2019-05-02 23:00:00,Spring,17.949268333333336,19.242483333333332,3.044381809716757e-05,0.10629905982354042,150.30925375452554,3123.439625806919
2019-05-03 00:00:00,Spring,18.333695,18.935406666666665,8.860206917540717e-06,0.18881719671734748,155.9245558488167,2991.586655290386
2019-05-03 01:00:00,Spring,19.072878333333332,18.647845,4.55576657751456e-06,0.30798822256047653,157.12847946857372,3141.902643907921
2019-05-03 02:00:00,Spring,19.16055,18.881486666666667,7.047104177258071e-06,0.30709468521681127,155.19492703335587,3208.689320343458
2019-05-03 03:00:00,Spring,18.807456666666667,19.273985,6.572116746856085e-06,0.27184166109719987,144.8523972030544,3439.109829264019
2019-05-03 04:00:00,Spring,18.380640000000003,19.113526666666665,1.4321219401279372e-05,0.19997896462724069,122.09117999533086,3484.4948455898075
2019-05-03 05:00:00,Spring,17.818048333333333,18.64910666666667,3.4846248690740715e-05,0.13673989124364663,95.91124923258589,3439.6859440721964
2019-05-03 08:00:00,Spring,18.443361666666664,18.787480000000002,1.793572147334516e-05,0.2676894708514824,108.47681642617877,3607.3125331321785
2019-05-03 09:00:00,Spring,18.657030000000002,18.964845,1.4102622926987617e-05,0.2435110912269541,134.5730562971545,3641.0225663593023
2019-05-03 10:00:00,Spring,18.669183333333333,18.76901666666667,8.28297177754904e-06,0.19146433862603465,150.3779943813486,3447.4119029054523
2019-05-03 11:00:00,Spring,19.01193333333333,18.871053333333336,6.987558352275686e-06,0.14011141970879415,143.13666243848112,3547.802259597901
2019-05-03 12:00:00,Spring,19.168664999999997,18.852445,5.893203063365892e-06,0.13841615517062725,140.41877882613045,3469.068517217482
2019-05-03 13:00:00,Spring,19.294545000000003,18.933153333333333,3.515996876518768e-06,0.21876456459976631,125.58391402639816,3769.6330922712314
2019-05-03 14:00:00,Spring,19.207835,19.251326666666667,1.3216745456474087e-05,0.28398909898505537,124.4883373871039,3672.4475888684874
2019-05-03 15:00:00,Spring,18.89934,19.682371666666665,4.4399835368249814e-05,0.2148982732355183,108.13997582063297,3397.3040071926594
2019-05-03 16:00:00,Spring,18.923578333333335,20.211738333333336,6.07479198975704e-05,0.14269646099522798,93.73050717442403,3294.1577749080016
2019-05-03 23:00:00,Spring,18.224375000000002,19.173254999999997,4.2417099312735895e-05,0.14468762765993803,123.61369059727808,3381.6812942630872
2019-05-04 00:00:00,Spring,18.239951666666666,18.964258333333337,2.236766669603252e-05,0.12722305929705363,125.72613184917395,3289.9773430884097
2019-05-04 01:00:00,Spring,18.521448333333336,18.54247333333333,8.682777696260052e-06,0.24677713320115774,137.37394443434144,3318.877001548413
2019-05-04 02:00:00,Spring,18.869416666666666,18.333835,1.0919335245610955e-05,0.30026495296413047,138.25915345010932,3305.648374058838
2019-05-04 03:00:00,Spring,19.060205,18.437141666666665,1.38482164903964e-05,0.28912000477441524,136.458347768665,3273.8461591132836
2019-05-04 10:00:00,Spring,18.74448,18.383261666666666,6.535160296913961e-06,0.24540800312719516,143.13222071209813,3647.246776349262
2019-05-04 11:00:00,Spring,18.70632833333333,18.50186666666667,4.68899430252256e-06,0.19918812524812837,145.28734953650397,3828.981155755282
2019-05-04 12:00:00,Spring,18.764711666666667,18.55480833333333,7.150786038005653e-06,0.14663219492115606,141.63866402680148,3951.309826744553
2019-05-04 13:00:00,Spring,19.25129666666667,18.575845,6.601589837892482e-06,0.1617899180901287,139.98509054807786,3919.134149739957
2019-05-04 14:00:00,Spring,19.373951666666667,18.767310000000002,1.3455653452136204e-05,0.2396486105133789,131.51012050616913,3706.275035753328
2019-05-04 15:00:00,Spring,19.258573333333334,18.971986666666666,2.4957442257834184e-05,0.2646603317263537,113.45040244892313,3504.538482891975
2019-05-04 23:00:00,Spring,18.215885,19.112154999999998,1.602836857039498e-05,0.1740370931460396,130.76357248777558,3842.7805242976283
2019-05-08 00:00:00,Spring,19.086318333333335,18.407641666666667,6.498522421389664e-05,0.22025848088743785,96.80766015187871,3747.451582357669
2019-05-08 01:00:00,Spring,19.009965,18.312745,5.989405446038665e-05,0.14469188032449073,91.579468383563,3693.103326994614
2019-05-08 02:00:00,Spring,19.08477,18.299768333333336,4.009021661646139e-05,0.12411392299019688,80.85686792198761,3661.747385621634
2019-05-08 03:00:00,Spring,19.237648333333333,18.27793666666667,4.9137080805677823e-05,0.24706005229070738,82.38063372640126,3680.49769107022
2019-05-08 04:00:00,Spring,19.108911666666664,18.25975833333333,6.447155367042792e-05,0.32264670979284765,99.63255347745307,3697.387039076611
2019-05-08 05:00:00,Spring,19.057303333333333,18.25326,6.027932519169743e-05,0.3094878256031595,100.48835466275871,3699.3263911336735
2019-05-08 06:00:00,Spring,19.039303333333333,18.068716666666667,5.7406684921941766e-05,0.2721313693458896,74.28978610587394,3262.9192494808945
2019-05-08 07:00:00,Spring,19.018739999999998,17.973495,5.9090613936206864e-05,0.20487344663091847,63.49820312400193,2673.9416261137812
2019-05-08 08:00:00,Spring,19.009185,17.923206666666665,9.442041123147199e-05,0.17326435730053802,51.48491781461465,2198.230243033952
2019-05-08 09:00:00,Spring,18.318851666666667,17.586025,5.273574347014169e-05,0.1616707437073968,51.160032841815436,2330.1312909609032
2019-05-08 10:00:00,Spring,18.44543666666667,17.636806666666665,8.164391586807626e-05,0.19396795281370305,58.09919402312317,2976.328874108424
2019-05-08 11:00:00,Spring,19.138715,17.94043,2.5763221221440025e-05,0.23690114645201113,76.60271777183969,3458.6136827259184
2019-05-08 12:00:00,Spring,19.113566666666667,18.446911666666665,1.6389013038592465e-05,0.27913070357064235,81.96234599266772,3437.0847619868077
2019-05-08 13:00:00,Spring,19.124018333333332,18.808861666666665,1.703039921514185e-05,0.26111147786588645,99.42141396041592,3804.7661209413986
2019-05-08 14:00:00,Spring,19.192455,18.97315166666667,3.140755180373762e-05,0.2155505164393022,118.98026020406834,4007.996429943639
2019-05-08 15:00:00,Spring,19.243298333333332,19.094935,0.00012383360000423714,0.1575443903399126,113.04836229224482,3669.3744021588773
2019-05-08 16:00:00,Spring,19.206841666666666,19.16252666666667,0.00014955929816498406,0.10113689894853943,91.41065301458411,3234.8584828784424
2019-05-08 17:00:00,Spring,19.248638333333336,19.149608333333333,0.0002055220912203553,0.15632998649807267,84.82656593848198,3106.1983914747034
2019-05-08 18:00:00,Spring,19.015725,19.168259999999997,0.00015331049655802577,0.19389431127163242,88.45488885234295,3031.3559792234887
2019-05-08 19:00:00,Spring,18.983853333333332,19.158055,0.00012509308964567617,0.15244330094165398,90.63136238375941,3004.1279980472073
2019-05-08 20:00:00,Spring,18.908738333333336,19.12383833333333,0.00010307318777945139,0.10940692514999584,89.4636155282205,3084.7159645605793
2019-05-08 21:00:00,Spring,19.02458,19.0605,0.00012996917368915067,0.16482655123547368,103.11877463693114,3322.9827536343337
2019-05-08 22:00:00,Spring,19.151523333333333,18.943293333333333,0.00012738594112739375,0.27171457090493834,114.04984135416969,3465.8663714899562
2019-05-08 23:00:00,Spring,19.03504,18.813853333333334,8.027704932822712e-05,0.29121178575088075,123.44795325161245,3608.679308674335
2019-05-09 00:00:00,Spring,18.88045,18.780285,6.178250636950373e-05,0.26729051436792517,127.00759750528391,3677.846304166956
2019-05-09 01:00:00,Spring,18.546258333333334,18.695395,6.484135252301207e-05,0.2112056240701329,145.6476053529817,3617.2486748633005
2019-05-09 02:00:00,Spring,18.483729999999998,18.6114,5.516049751445458e-05,0.1394609864242204,138.51435479405902,3676.676048273842
2019-05-09 03:00:00,Spring,18.656048333333334,18.53921666666667,5.977464263766913e-05,0.1309146308164305,137.7485941033153,3561.831813261597
2019-05-09 04:00:00,Spring,18.971745,18.485296666666667,9.8401845165638e-05,0.23896538629093925,120.48521493918369,3355.0271166536345
2019-05-09 05:00:00,Spring,19.180408333333332,18.423203333333333,8.459737742668634e-05,0.2924985720900181,128.9962067425617,3342.9089017208516
2019-05-09 06:00:00,Spring,19.217791666666663,18.36805,0.00012035353200906692,0.2880627972378122,105.17637981111925,3409.1885997729155
2019-05-09 07:00:00,Spring,19.110751666666665,18.275791666666667,0.00013309714504669695,0.24914169438175993,96.75114061426794,3243.691242181604
2019-05-09 08:00:00,Spring,19.153501666666667,18.27324666666667,0.0001332096422524175,0.18151379428280678,88.02844335629857,3162.4736762044727
2019-05-09 10:00:00,Spring,18.469488333333334,18.350045,0.00020026617889113877,0.17717822066169545,78.13602235286999,3586.127660042449
2019-05-09 11:00:00,Spring,18.404153333333333,18.320353333333333,0.00017204953592937915,0.2176243839982309,91.90560596993254,3849.4284932977307
2019-05-09 12:00:00,Spring,18.272274999999997,18.623776666666668,0.00017397662629491375,0.25597879226825904,86.077251155905,3288.832585173704
2019-05-09 13:00:00,Spring,18.538935,18.925321666666665,0.00014241309814830167,0.2754251968199862,108.83344479239031,3402.655671284474
2019-05-09 14:00:00,Spring,18.771953333333332,18.918918333333334,0.0001223752401836846,0.2521435824624675,121.49085944449784,3463.208581269798
2019-05-09 15:00:00,Spring,18.933156666666665,18.950673333333334,0.00010345325858517969,0.2033705425029805,132.00813311936932,3401.9309946863486
2019-05-09 16:00:00,Spring,18.908151666666665,19.01543666666667,8.593675072852714e-05,0.14403915673109963,116.19078965435249,3619.6924875909303
2019-05-09 17:00:00,Spring,19.055231666666668,19.049236666666665,0.00010728821373190333,0.11179876658070602,121.32910241645565,3504.435710598751
2019-05-09 18:00:00,Spring,19.204568333333334,19.039436666666667,0.00013416082653851366,0.17978078572541434,114.85998943016949,3476.2575077203896
2019-05-09 19:00:00,Spring,19.13388666666667,19.015013333333332,0.00013651025363890204,0.21705271157838898,117.64790582230127,3366.6620538663997
2019-05-09 20:00:00,Spring,19.10148,18.976288333333333,9.903757915522048e-05,0.18412429937196362,122.67723182587747,3298.0708113267906
2019-05-09 21:00:00,Spring,19.092116666666666,18.956436666666665,9.092072433063862e-05,0.11269534088302946,140.50741683405576,3266.89456400421
2019-05-09 22:00:00,Spring,19.128236666666666,18.913715000000003,0.00012682555177404627,0.11114086591695342,139.2973396805145,3237.5784135333743
2019-05-09 23:00:00,Spring,19.20904833333333,18.826358333333335,0.00013281730316191086,0.2184951619046977,142.87052195260927,3182.2638185912124
2019-05-10 00:00:00,Spring,19.214185,18.733755,9.483451619710052e-05,0.26061716503448035,148.33179048070488,3175.039089745949
2019-05-10 01:00:00,Spring,19.206996666666665,18.630073333333332,4.5724035635113354e-05,0.23643244999987179,156.22918038053788,2944.864241574716
2019-05-10 02:00:00,Spring,19.153658333333333,18.57021166666667,5.17463314056721e-05,0.21279041652847255,161.39833249573087,2767.5121136759453
2019-05-10 03:00:00,Spring,19.232084999999998,18.490336666666668,5.772563845535359e-05,0.1376812719494312,162.0662525461081,2687.7886076081045
2019-05-10 04:00:00,Spring,19.289176666666666,18.408911666666665,6.26877882452186e-05,0.11572186855848018,160.39434304311075,2884.5423114903106
2019-05-10 05:00:00,Spring,19.273473333333335,18.318458333333336,9.633067316494323e-05,0.2141970377134,149.8842160630491,3250.8491669100163
2019-05-10 06:00:00,Spring,19.129105,18.269391666666667,0.00010746857248348512,0.2988888394539265,123.22968555501201,3593.855694913898
2019-05-10 07:00:00,Spring,19.10569,18.232796666666665,8.911839487644483e-05,0.27341586417617764,124.94258014071114,3625.2206995925208
